DivCode,DivDesc,BurCode,CMDept,PersUnitCode,FamisOrg,FamisDefaultIndex,Disabled,CreateDT,CreateUser,LastUpdateDT,LastUpdateUser
01000,LEGISLATIVE-MAYOR'S OFFICE,010,N,011,LDMA            ,LDMAYOR     ,False,2014-12-05 10:55:19.787000000,STPPE_Batch,2016-10-12 06:11:36.127000000,PT_Batch
01100,LEGISLATIVE-COUNCIL DISTRICT 1,011,N,011,LD01            ,LD01        ,False,2016-10-12 06:11:36.143000000,PT_Batch,2016-10-12 06:11:36.143000000,PT_Batch
01200,LEGISLATIVE-COUNCIL DISTRICT 2,012,N,011,LD02            ,LD02        ,False,2016-10-12 06:11:36.143000000,PT_Batch,2016-10-12 06:11:36.143000000,PT_Batch
01300,LEGISLATIVE-COUNCIL DISTRICT 3,013,N,011,LD03            ,LD03        ,False,2016-10-12 06:11:36.143000000,PT_Batch,2016-10-12 06:11:36.143000000,PT_Batch
01400,LEGISLATIVE-COUNCIL DISTRICT 4,014,N,011,LD04            ,LD04        ,False,2016-10-12 06:11:36.157000000,PT_Batch,2016-10-12 06:11:36.157000000,PT_Batch
01500,LEGISLATIVE-COUNCIL DISTRICT 5,015,N,011,LD05            ,LD05        ,False,2016-10-12 06:11:36.157000000,PT_Batch,2016-10-12 06:11:36.157000000,PT_Batch
01600,LEGISLATIVE-COUNCIL DISTRICT 6,016,N,011,LD06            ,LD06        ,False,2016-10-12 06:11:36.157000000,PT_Batch,2016-10-12 06:11:36.157000000,PT_Batch
01700,LEGISLATIVE-COUNCIL DISTRICT 7,017,N,011,LD07            ,LD07        ,False,2016-10-12 06:11:36.157000000,PT_Batch,2016-10-12 06:11:36.157000000,PT_Batch
01800,LEGISLATIVE-COUNCIL DISTRICT 8,018,N,011,LD08            ,LD08        ,False,2016-10-12 06:11:36.173000000,PT_Batch,2016-10-12 06:11:36.173000000,PT_Batch
01900,LEGISLATIVE-COUNCIL DISTRICT 9,019,N,011,LD09            ,LD09        ,False,2016-10-12 06:11:36.173000000,PT_Batch,2016-10-12 06:11:36.173000000,PT_Batch
03000,LAW,030,N,031,LWGG            ,LWGG        ,False,2014-12-05 10:55:19.847000000,STPPE_Batch,2014-12-05 10:55:19.847000000,STPPE_Batch
03001,LAW-WORKERS' COMPENSATION,030,N,031,LWCC01          ,LWWC        ,False,2014-12-05 10:55:19.860000000,STPPE_Batch,2015-09-25 14:38:04.013000000,suwilki
05000,CITY AUDITOR,050,N,051,AU              ,AU100       ,False,2014-12-05 10:55:19.900000000,STPPE_Batch,2014-12-05 10:55:19.900000000,STPPE_Batch
07001,CITY CLERK-CITY CLERK,070,N,071,CCEO            ,CCADMIN     ,False,2014-12-05 10:55:19.913000000,STPPE_Batch,2014-12-05 10:55:19.913000000,STPPE_Batch
07002,CITY CLERK-ELECTIONS,070,N,072,CCEL            ,CCELABS     ,False,2014-12-05 10:55:19.927000000,STPPE_Batch,2014-12-05 10:55:19.927000000,STPPE_Batch
09000,CITY PROSECUTOR,090,N,091,CP              ,CP09100     ,False,2014-12-05 10:55:19.937000000,STPPE_Batch,2014-12-05 10:55:19.937000000,STPPE_Batch
11001,CIVIL SERVICE-ADMIN/SPRT SVCS,110,N,112,CSEO            ,CSSUP       ,False,2014-12-05 10:55:19.950000000,STPPE_Batch,2014-12-05 10:55:19.950000000,STPPE_Batch
11002,CIVIL SERVICE-RECRUIT & SELECT,110,N,113,CSDDES          ,CSTESG      ,False,2014-12-05 10:55:19.963000000,STPPE_Batch,2016-04-14 16:03:14.880000000,PT_Batch
11003,CIVIL SERVICE-SPECIAL PROJECTS,110,N,114,CSDDSP          ,CSSPEC      ,False,2014-12-05 10:55:19.973000000,STPPE_Batch,2016-04-14 16:03:14.897000000,PT_Batch
13000,CITY MANAGER,130,Y,131,CM              ,CMCITYMGT   ,False,2014-12-05 10:55:19.987000000,STPPE_Batch,2014-12-05 10:55:19.987000000,STPPE_Batch
15001,FM-ADMINISTRATION,150,Y,501,FMDH            ,FM100002    ,False,2014-12-05 10:55:19.997000000,STPPE_Batch,2014-12-05 10:55:19.997000000,STPPE_Batch
15002,FM-ACCOUNTING SYSTEM,150,Y,501,FMB2D1          ,FM210001    ,False,2014-12-05 10:55:20.010000000,STPPE_Batch,2014-12-05 10:55:20.010000000,STPPE_Batch
15100,FM-ACCTG-ADMINISTRATION,151,Y,511,FMB2D1          ,FM210001    ,False,2014-12-05 10:55:20.023000000,STPPE_Batch,2014-12-05 10:55:20.023000000,STPPE_Batch
15101,FM-ACCTG-ACCOUNTING OPERATIONS,151,Y,505,FMB2D2          ,FM222001    ,False,2014-12-05 10:55:20.033000000,STPPE_Batch,2014-12-05 10:55:20.033000000,STPPE_Batch
15102,FM-ACCTG-GRANTS ACCOUNTING,151,Y,504,FMB2D2          ,FM221001    ,False,2014-12-05 10:55:20.047000000,STPPE_Batch,2014-12-05 10:55:20.047000000,STPPE_Batch
15103,FM-ACCTG-OIL ACCOUNTING,151,Y,510,FMB2D2          ,FM221001    ,False,2014-12-05 10:55:20.057000000,STPPE_Batch,2014-12-05 10:55:20.057000000,STPPE_Batch
15201,FM-CS-ADMINISTRATION,152,Y,512,FMB4D1          ,FM410001    ,False,2014-12-05 10:55:20.073000000,STPPE_Batch,2014-12-05 10:55:20.073000000,STPPE_Batch
15202,FM-CS-UTILITY CUSTOMER SERVICE,152,Y,515,FMB4D2          ,FM424001    ,False,2014-12-05 10:55:20.087000000,STPPE_Batch,2014-12-05 10:55:20.087000000,STPPE_Batch
15203,FM-CS-FINANCIAL SERVICES,152,Y,516,FMB4D3          ,FM431001    ,False,2014-12-05 10:55:20.100000000,STPPE_Batch,2014-12-05 10:55:20.100000000,STPPE_Batch
15204,FM-CS-BUSINESS SERVICES,152,Y,517,FMB7D3          ,FM730000    ,False,2014-12-05 10:55:20.113000000,STPPE_Batch,2014-12-05 10:55:20.113000000,STPPE_Batch
15300,FM-BUDGET MANAGEMENT,153,Y,506,FMB3            ,FM300001    ,False,2014-12-05 10:55:20.123000000,STPPE_Batch,2014-12-05 10:55:20.123000000,STPPE_Batch
15401,FM-TREASURY OP-REVENUE,154,Y,503,FMB5            ,FM500002    ,False,2014-12-05 10:55:20.137000000,STPPE_Batch,2014-12-05 10:55:20.137000000,STPPE_Batch
15501,FM-ADMIN SVCS-ADMIN,155,Y,503,FMB1D2          ,FM110004    ,False,2014-12-05 10:55:20.150000000,STPPE_Batch,2014-12-05 10:55:20.150000000,STPPE_Batch
15502,FM-ADMIN SVCS-PURCHASING,155,Y,503,FMB7D2          ,FM710000    ,False,2014-12-05 10:55:20.163000000,STPPE_Batch,2014-12-05 10:55:20.163000000,STPPE_Batch
15503,FM-ADMIN SVCS-DIVERSITY OUTREA,155,Y,503,FMB1D5          ,FM140001    ,False,2014-12-05 10:55:20.180000000,STPPE_Batch,2014-12-05 10:55:20.180000000,STPPE_Batch
15600,FM-BUS RELATIONS-ADMIN,156,Y,503,FMB7D1          ,FM700000    ,False,2014-12-05 10:55:20.190000000,STPPE_Batch,2014-12-05 10:55:20.190000000,STPPE_Batch
15601,FM-BUS RELATIONS-PURCHASING,156,Y,503,FMB7D2          ,FM710000    ,False,2014-12-05 10:55:20.203000000,STPPE_Batch,2014-12-05 10:55:20.203000000,STPPE_Batch
15602,FM-BUS RELATIONS-SPECIAL PROJE,156,Y,503,FMB7D1          ,FM700000    ,False,2014-12-05 10:55:20.217000000,STPPE_Batch,2014-12-05 10:55:20.217000000,STPPE_Batch
15700,FM-FINANCIAL CONTROLS BUREAU,157,Y,503,FMB8D1          ,FM810001    ,False,2014-12-05 10:55:20.230000000,STPPE_Batch,2014-12-05 10:55:20.230000000,STPPE_Batch
17010,TS-DIRECTOR'S OFFICE,170,Y,701,TSDOEO          ,TSEO        ,False,2014-12-05 10:55:20.243000000,STPPE_Batch,2014-12-05 10:55:20.243000000,STPPE_Batch
17012,TS-ADMINISTRATIVE SERVICES,170,Y,701,TSDOAD          ,TSADMIN     ,False,2014-12-05 10:55:20.257000000,STPPE_Batch,2014-12-05 10:55:20.257000000,STPPE_Batch
17110,DO NOT USE,171,Y,719,TSOPAD          ,TSOPAS      ,True,2014-12-05 10:55:20.267000000,STPPE_Batch,2018-07-23 06:11:16.657000000,PT_Batch
17112,DO NOT USE,171,Y,719,TSOPOS          ,TSOPRE      ,True,2014-12-05 10:55:20.280000000,STPPE_Batch,2018-07-23 06:11:16.657000000,PT_Batch
17310,TS-BUSINESS INFO SVCS BUREAU,173,Y,709,TSBIAD          ,TSBIAD      ,False,2014-12-05 10:55:20.293000000,STPPE_Batch,2014-12-05 10:55:20.293000000,STPPE_Batch
17311,TS-BUSINESS INFORMATION SYSTEM,173,Y,709,TSBIAS          ,TSBISREV    ,False,2014-12-05 10:55:20.307000000,STPPE_Batch,2014-12-05 10:55:20.307000000,STPPE_Batch
17312,TS-COMPSVCS-OP CENT-DO NOT USE,173,Y,709,TSCOOC          ,TSISOCDC    ,True,2014-12-05 10:55:20.320000000,STPPE_Batch,2014-12-05 10:55:20.320000000,STPPE_Batch
17313,TS-COMPSVCS-TECHSUP-DO NOT USE,173,Y,709,TSCOTS          ,TSISOCTS    ,True,2014-12-05 10:55:20.333000000,STPPE_Batch,2014-12-05 10:55:20.333000000,STPPE_Batch
17314,TS-BUSINESS INFO TECHNOLOGY,173,Y,709,TSBIDE          ,TSBITDE     ,False,2014-12-05 10:55:20.343000000,STPPE_Batch,2014-12-05 10:55:20.343000000,STPPE_Batch
17315,TS-COMPSVC-DATA ADM-DO NOT USE,173,Y,709,TSCODA          ,TSAPDB      ,True,2014-12-05 10:55:20.357000000,STPPE_Batch,2014-12-05 10:55:20.357000000,STPPE_Batch
17610,TS-INFRASTRUCTURE SVCS BUREAU,176,Y,706,TSISAD          ,TSISAS      ,False,2014-12-05 10:55:20.370000000,STPPE_Batch,2014-12-05 10:55:20.370000000,STPPE_Batch
17611,TS-NETDESK-OFF SYS-DO NOT USE,176,Y,706,TSNSOS          ,TSCSCSAD    ,True,2014-12-05 10:55:20.383000000,STPPE_Batch,2014-12-05 10:55:20.383000000,STPPE_Batch
17612,TS-INFRASTRUCTURE SVCS-TELECOM,176,Y,706,TSISTL          ,TSISTAD     ,False,2014-12-05 10:55:20.397000000,STPPE_Batch,2014-12-05 10:55:20.397000000,STPPE_Batch
17613,TS-INFRASTRUCTURE SVCS-WIRELES,176,Y,706,TSISWC          ,TSISWA      ,False,2014-12-05 10:55:20.410000000,STPPE_Batch,2014-12-05 10:55:20.410000000,STPPE_Batch
17614,TS-NET/DESK-GRPWARE-DO NOT USE,176,Y,706,TSNSGW          ,TSAPGAD     ,True,2014-12-05 10:55:20.423000000,STPPE_Batch,2014-12-05 10:55:20.423000000,STPPE_Batch
17615,TS-INFRASTRUCTURE SVCS-OPS CTR,176,Y,706,TSISOC          ,TSISOCDC2   ,False,2014-12-05 10:55:20.433000000,STPPE_Batch,2018-08-02 06:11:17.097000000,PT_Batch
17710,TS-CUSTOMER SVCS BUREAU,177,Y,706,TSCSAD          ,TSCSAA2     ,False,2014-12-05 10:55:20.447000000,STPPE_Batch,2018-08-02 06:11:17.097000000,PT_Batch
17711,TS-CUST SVCS-CUSTOMER SUPPORT,177,Y,706,TSCSDS          ,TSCSPCSU    ,False,2014-12-05 10:55:20.460000000,STPPE_Batch,2014-12-05 10:55:20.460000000,STPPE_Batch
17712,TS-CUST SVC-OFFICE SERVICES,177,Y,706,TSCSOS          ,TSCSRE      ,False,2014-12-05 10:55:20.473000000,STPPE_Batch,2014-12-05 10:55:20.473000000,STPPE_Batch
17713,TS-CUSTSVC-PROP SYS-DO NOT USE,177,Y,706,TSCSPR          ,TSCSPROP    ,True,2014-12-05 10:55:20.487000000,STPPE_Batch,2014-12-05 10:55:20.487000000,STPPE_Batch
17714,TS-CUSTSVC-PUB SAFE DO NOT USE,177,Y,706,TSCSPS          ,TSAPAD      ,True,2014-12-05 10:55:20.497000000,STPPE_Batch,2014-12-05 10:55:20.497000000,STPPE_Batch
17715,TS-CUSTSVC-UTLTY SY DO NOT USE,177,Y,706,TSCSUS          ,TSCSUTIL    ,True,2014-12-05 10:55:20.510000000,STPPE_Batch,2014-12-05 10:55:20.510000000,STPPE_Batch
17716,TS-CUST SVCS -VIDEO COMM,177,Y,706,TSCSVC          ,TSCSVA      ,False,2014-12-05 10:55:20.523000000,STPPE_Batch,2014-12-05 10:55:20.523000000,STPPE_Batch
19001,HR-ADMINISTRATION,190,Y,195,HREOEO          ,HRADEBF     ,False,2014-12-05 10:55:20.543000000,STPPE_Batch,2017-04-07 06:11:20.463000000,PT_Batch
19002,HR-EMPLOYEE BEN - REACTIVATED,190,Y,195,HREOBS          ,HRFITS      ,False,2014-12-05 10:55:20.560000000,STPPE_Batch,2017-04-21 06:11:20.763000000,PT_Batch
19003,HR-EQUAL EMPLOY-REACTIVATED,190,Y,195,HREBEE          ,HREQEMP     ,False,2014-12-05 10:55:20.573000000,STPPE_Batch,2017-04-21 06:11:20.763000000,PT_Batch
19100,HR-PERSONNEL OPER-PERS SVCS,191,Y,195,HRPOPS          ,HRPOPERSSNL ,False,2014-12-05 10:55:20.587000000,STPPE_Batch,2017-04-07 06:11:20.463000000,PT_Batch
19101,HR-PERSONNEL OPS-EE BENEFITS,191,Y,195,HRPOPS          ,HRPOFITS    ,False,2017-04-07 06:11:20.463000000,PT_Batch,2017-11-17 06:11:27.020000000,PT_Batch
19102,HR-PERSONNEL OPS-TRAIN & EEO,191,Y,195,HRPOPS          ,HRPODEV     ,False,2017-04-07 06:11:20.510000000,PT_Batch,2017-11-17 06:11:27.020000000,PT_Batch
19200,HR-RISK MGNT-LOSS CNTRL&PREVEN,192,Y,195,HRRMRM          ,HRINSUR     ,False,2014-12-05 10:55:20.607000000,STPPE_Batch,2017-04-07 06:11:20.510000000,PT_Batch
19201,HR-RISK MGMT-OCCUP HEALTH SRVC,192,Y,195,HRRMOH          ,HROCH       ,False,2014-12-05 10:55:20.623000000,STPPE_Batch,2017-11-17 06:11:27.033000000,PT_Batch
19202,HR-RISK MGMT-SAFETY,192,Y,195,HRRMSA          ,HRSAFE      ,False,2017-04-07 06:11:20.527000000,PT_Batch,2017-04-07 06:11:20.527000000,PT_Batch
19203,HR-RISK MGMT-WORKERS' COMP COR,192,Y,195,HRRMRM          ,HRWORK      ,False,2017-04-07 06:11:20.527000000,PT_Batch,2017-04-07 06:11:20.527000000,PT_Batch
19300,HR-WORKFORCE DEV BUREAU,193,Y,195,EPWD            ,EPWDPRDFAULT,True,2014-12-05 10:55:20.637000000,STPPE_Batch,2015-11-06 13:46:00.837000000,PT_Batch
19301,HR-WD OPERATIONS,193,Y,195,EPWD            ,EPWDPRDFAULT,True,2014-12-05 10:55:20.647000000,STPPE_Batch,2015-11-06 13:46:00.847000000,PT_Batch
19302,HR-WD WORKFORCE,193,Y,195,EPWD            ,EPWDPRDFAULT,True,2014-12-05 10:55:20.660000000,STPPE_Batch,2015-11-06 13:46:00.853000000,PT_Batch
19303,HR-WD COMMUNICATIONS,193,Y,195,EPWD            ,EPWDPRDFAULT,True,2014-12-05 10:55:20.677000000,STPPE_Batch,2015-11-06 13:46:00.857000000,PT_Batch
19304,HR-WD BOARD,193,Y,195,EPWD            ,EPWDPRDFAULT,True,2014-12-05 10:55:20.690000000,STPPE_Batch,2015-11-06 13:46:00.863000000,PT_Batch
19305,HR-WD ENTERPRISE ZONE,193,Y,195,EPWD            ,EPWDPRDFAULT,True,2014-12-05 10:55:20.703000000,STPPE_Batch,2015-11-06 13:46:00.870000000,PT_Batch
19400,HR-LABOR RELATIONS,194,Y,195,HRLA            ,HRLABOR     ,False,2014-12-05 10:55:20.717000000,STPPE_Batch,2014-12-05 10:55:20.717000000,STPPE_Batch
22000,ECONOMIC DEVELOPMENT,220,Y,000,EPEOEO          ,EPEO100     ,False,2015-09-28 15:05:19.357000000,PT_Batch,2018-10-23 06:11:18.523000000,PT_Batch
22101,ED-BUS SERVICES,221,Y,000,EPBDPS          ,EPBDADMIN   ,False,2015-09-28 15:05:19.383000000,PT_Batch,2018-10-23 06:11:18.523000000,PT_Batch
22102,EP-BUS DEV-PROPERTY SERVICES,221,Y,000,EPBDPS          ,EPBDADMIN   ,False,2015-09-28 15:05:19.397000000,PT_Batch,2015-09-28 15:05:19.397000000,PT_Batch
22200,ED-WRKFORCE DEV- ADMIN,222,Y,000,EPWDTE          ,EPWDPRDFAULT,False,2017-05-19 06:11:17.590000000,PT_Batch,2018-11-02 06:11:19.177000000,PT_Batch
22201,ED-WRKFORCE DEV- OPERATIONS,222,Y,000,EPWDTE          ,EPWDPRDFAULT,False,2015-09-28 15:05:19.410000000,PT_Batch,2018-10-23 06:11:18.537000000,PT_Batch
22202,ED-WORKFORCE DEV- CAREER SVCS,222,Y,000,EPWDTE          ,EPWDPRDFAULT,False,2015-09-28 15:05:19.423000000,PT_Batch,2018-10-23 06:11:18.537000000,PT_Batch
22203,ED-WORKFORCE DEV- EMP ENGMNT,222,Y,000,EPWDTE          ,EPWDPRDFAULT,False,2015-09-28 15:05:19.437000000,PT_Batch,2018-10-23 06:11:18.537000000,PT_Batch
22204,EP-WORKFORCE DEV- BOARD,222,Y,000,EPWDTE          ,EPWDPRDFAULT,True,2015-09-28 15:05:19.450000000,PT_Batch,2015-09-28 15:05:19.450000000,PT_Batch
22301,ED-PROPERTY SERVICES,223,Y,000,EPWDTE          ,EPWDPRDFAULT,False,2018-10-23 06:11:18.553000000,PT_Batch,2018-10-23 06:11:18.553000000,PT_Batch
23100,FIRE-ADMINISTRATION,231,Y,231,FDB1            ,FD1101      ,False,2014-12-05 10:55:20.747000000,STPPE_Batch,2014-12-05 10:55:20.747000000,STPPE_Batch
23200,FIRE-FIRE PREVENTION-CODE ENFC,232,Y,232,FDB2            ,FD2101      ,False,2014-12-05 10:55:20.760000000,STPPE_Batch,2014-12-05 10:55:20.760000000,STPPE_Batch
23201,FIRE-FIRE PREVENTION-COMM SRVS,232,Y,239,FDB2D3          ,FD2301      ,False,2014-12-05 10:55:20.770000000,STPPE_Batch,2014-12-05 10:55:20.770000000,STPPE_Batch
23301,FIRE-OPER-FIRE FIGHTING,233,Y,235,FDB4            ,FD4202      ,False,2014-12-05 10:55:20.783000000,STPPE_Batch,2014-12-05 10:55:20.783000000,STPPE_Batch
23302,FIRE-OPER-HARBOR SERVICE,233,Y,236,FDB4            ,FD4202      ,False,2014-12-05 10:55:20.797000000,STPPE_Batch,2014-12-05 10:55:20.797000000,STPPE_Batch
23303,FIRE-OPER-MARINA SERVICE,233,Y,237,FDB4D4          ,FD4402      ,False,2014-12-05 10:55:20.813000000,STPPE_Batch,2014-12-05 10:55:20.813000000,STPPE_Batch
23304,FIRE-OPER-MARINE SAFETY,233,Y,237,FDB4            ,FD4402      ,False,2014-12-05 10:55:20.837000000,STPPE_Batch,2014-12-05 10:55:20.837000000,STPPE_Batch
23305,FIRE-OPER-AMBULANCE OPER,233,Y,000,FDB4            ,FD4302      ,False,2014-12-05 10:55:20.850000000,STPPE_Batch,2014-12-05 10:55:20.850000000,STPPE_Batch
23400,FIRE-SUPPORT SERVICES,234,Y,234,FDB3D1          ,FD3101      ,False,2014-12-05 10:55:20.867000000,STPPE_Batch,2014-12-05 10:55:20.867000000,STPPE_Batch
23401,FIRE-SPPRT SVCS-FIRE TRAINING,234,Y,233,FDB3            ,FD3401      ,False,2014-12-05 10:55:20.880000000,STPPE_Batch,2014-12-05 10:55:20.880000000,STPPE_Batch
23402,FIRE-SPPRT SVCS-TECHNICAL SVCS,234,Y,234,DCEC            ,DCEC3001    ,False,2014-12-05 10:55:20.893000000,STPPE_Batch,2015-11-06 13:46:01.003000000,PT_Batch
23403,FIRE-SPPRT SVCS,234,Y,238,FDB3            ,FD3101      ,False,2014-12-05 10:55:20.907000000,STPPE_Batch,2014-12-05 10:55:20.907000000,STPPE_Batch
23404,FIRE-SPPRT SVCS-MARINE SAFETY,234,Y,239,FDB4            ,FD4201      ,False,2014-12-05 10:55:20.927000000,STPPE_Batch,2014-12-05 10:55:20.927000000,STPPE_Batch
23405,FIRE-SPPRT SVCS-COMMUNITY SRVS,234,Y,239,FDB3D5          ,FD3501      ,False,2014-12-05 10:55:20.943000000,STPPE_Batch,2014-12-05 10:55:20.943000000,STPPE_Batch
23500,FIRE-DISASTER MANAGEMENT,235,Y,239,FDB5D1          ,FD5101      ,False,2014-12-05 10:55:20.980000000,STPPE_Batch,2014-12-05 10:55:20.980000000,STPPE_Batch
24000,ER-EXECUTIVE OFFICE,240,Y,000,GOEOAD          ,GOEOADGAS   ,False,2014-12-05 10:55:21,STPPE_Batch,2018-10-23 06:11:18.600000000,PT_Batch
24100,ER-BUSINESS OPS-ADMIN,241,Y,000,GOBSAD          ,GOBSADGAS   ,False,2014-12-05 10:55:21.017000000,STPPE_Batch,2018-10-23 06:11:18.617000000,PT_Batch
24110,ER-BUSINESS OPS-FIN SVC,241,Y,000,GOBSFS          ,GOBSFSGAS   ,False,2014-12-05 10:55:21.033000000,STPPE_Batch,2018-10-23 06:11:18.617000000,PT_Batch
24120,ER-BUSINESS OPS-PERSNNL SVC,241,Y,000,ENBSPT          ,ENBS3001    ,False,2014-12-05 10:55:21.047000000,STPPE_Batch,2018-10-23 06:11:18.617000000,PT_Batch
24130,ER-BUSINESS OPS-SAFETY,241,Y,000,GOBSST          ,GOBSSTGAS   ,False,2014-12-05 10:55:21.060000000,STPPE_Batch,2018-10-23 06:11:18.630000000,PT_Batch
24140,ER-BUSINESS OPS-CALL CTR SVC,241,Y,000,GOBSCC          ,GOBSCCGAS   ,False,2014-12-05 10:55:21.077000000,STPPE_Batch,2018-10-23 06:11:18.630000000,PT_Batch
24150,ER-BUSINESS OPS - ENG SVS,241,Y,000,GOBSES          ,GOBSESGAS   ,False,2014-12-05 10:55:21.090000000,STPPE_Batch,2018-10-23 06:11:18.630000000,PT_Batch
24200,ER-OIL OPS-ADMIN,242,Y,000,GOOPAD          ,GOOPADOIL   ,False,2014-12-05 10:55:21.103000000,STPPE_Batch,2018-11-02 06:11:19.283000000,PT_Batch
24210,LBGO-BUSINESS OPS - ENERGY SV,242,Y,000,GOBSES          ,GOBSESGAS   ,True,2014-12-05 10:55:21.123000000,STPPE_Batch,2014-12-05 10:55:21.123000000,STPPE_Batch
24230,ER-OIL OPS-PLNG & UNIT OPS,242,Y,000,GOOPPL          ,GOOPPLOIL   ,False,2014-12-05 10:55:21.137000000,STPPE_Batch,2018-11-02 06:11:19.283000000,PT_Batch
24250,LBGO-GAS & OIL OPS-SUBS & GEOL,242,Y,000,GOOPSG          ,GOOPSGOIL   ,True,2014-12-05 10:55:21.153000000,STPPE_Batch,2014-12-05 10:55:21.153000000,STPPE_Batch
24270,ER-OIL OPS-PROD & ENV SAFETY,242,Y,000,GOOPPR          ,GOOPPROIL   ,False,2014-12-05 10:55:21.167000000,STPPE_Batch,2018-11-02 06:11:19.283000000,PT_Batch
24280,ER-OIL OPS-SUB & RESR,242,Y,000,GOOPRV          ,GOOPRVOIL   ,False,2014-12-05 10:55:21.187000000,STPPE_Batch,2018-11-02 06:11:19.283000000,PT_Batch
24300,ER-E & C - ADMIN,243,Y,000,GOECAD          ,GOECADGAS   ,False,2014-12-05 10:55:21.203000000,STPPE_Batch,2018-11-02 06:11:19.300000000,PT_Batch
24310,ER-E & C - PIPELINE MAINT,243,Y,000,GOECPM          ,GOECPMGAS   ,False,2014-12-05 10:55:21.217000000,STPPE_Batch,2018-11-02 06:11:19.300000000,PT_Batch
24320,ER-E & C - REG COMPL&OVERSIG,243,Y,000,GOECRC          ,GOECRCGAS   ,False,2016-04-14 16:03:15.317000000,PT_Batch,2018-11-02 06:11:19.300000000,PT_Batch
24330,ER-E & C - ENGINEERING,243,Y,000,GOECEN          ,GOECENGAS   ,False,2014-12-05 10:55:21.230000000,STPPE_Batch,2018-11-02 06:11:19.300000000,PT_Batch
24400,ER-GAS SVC - ADM,244,Y,000,GOGSAD          ,GOGSADGAS   ,False,2014-12-05 10:55:21.243000000,STPPE_Batch,2018-11-02 06:11:19.317000000,PT_Batch
24410,ER-GAS SVC - CUST SERVICE,244,Y,000,GOGSCO          ,GOGSCOGSO   ,False,2014-12-05 10:55:21.257000000,STPPE_Batch,2018-11-02 06:11:19.317000000,PT_Batch
24500,ER-ELECTRIC GEN - SERFF OPS,245,Y,000,GOELSO          ,GOELAD      ,False,2014-12-05 10:55:21.273000000,STPPE_Batch,2018-11-02 06:11:19.317000000,PT_Batch
24600,LBGO-OIL PROD/SUBSIDENCE - ADM,246,Y,000,OPEOPR          ,OPPRAS      ,True,2014-12-05 10:55:21.287000000,STPPE_Batch,2014-12-05 10:55:21.287000000,STPPE_Batch
24610,LBGO-OILPRODSUB - SUBS & GEOLO,246,Y,000,OPEOPR          ,OPPRAS      ,True,2014-12-05 10:55:21.303000000,STPPE_Batch,2014-12-05 10:55:21.303000000,STPPE_Batch
24630,LBGO-OILPRODSUB - EAST WILMING,246,Y,000,OPEOPR          ,OPPRAS      ,True,2014-12-05 10:55:21.317000000,STPPE_Batch,2014-12-05 10:55:21.317000000,STPPE_Batch
24640,LBGO-OILPRODSUB - WEST WILMING,246,Y,000,OPEOPR          ,OPPRAS      ,True,2014-12-05 10:55:21.330000000,STPPE_Batch,2014-12-05 10:55:21.330000000,STPPE_Batch
27000,HE-EXECUTIVE OFFICE-ADMIN,270,Y,271,HEEODI          ,HE0100      ,False,2014-12-05 10:55:21.390000000,STPPE_Batch,2017-11-08 06:11:57.190000000,PT_Batch
27001,H&HS-ADMINISTRATION,270,Y,271,HEEOAD          ,HE0111      ,True,2014-12-05 10:55:21.403000000,STPPE_Batch,2014-12-05 10:55:21.403000000,STPPE_Batch
27100,HE-COLLECTIVE IMPACT-ADMIN,271,Y,272,HEEOAD          ,HE0111      ,False,2014-12-05 10:55:21.420000000,STPPE_Batch,2017-11-08 06:11:57.220000000,PT_Batch
27101,H&HS-PUB HLTH-NURSING SERVICES,271,Y,273,HEPRNS          ,HEPR0421    ,False,2014-12-05 10:55:21.437000000,STPPE_Batch,2014-12-05 10:55:21.437000000,STPPE_Batch
27103,H&HS-PUB HLTH-LAB SERVICES,271,Y,274,HEPYLS          ,HEPY0513    ,True,2014-12-05 10:55:21.453000000,STPPE_Batch,2014-12-05 10:55:21.453000000,STPPE_Batch
27104,H&HS-PUB HLTH-NUTRITION SVCS,271,Y,274,HECHNU          ,HECH0314B   ,True,2014-12-05 10:55:21.467000000,STPPE_Batch,2014-12-05 10:55:21.467000000,STPPE_Batch
27110,HE-COLLECTIVE IMPACT-FINANCIAL,271,Y,272,HEEOAD          ,HE0150      ,False,2017-11-08 06:11:57.237000000,PT_Batch,2017-11-08 06:11:57.237000000,PT_Batch
27120,HE-COLLECTIVE IMPACT-ADMIN OP,271,Y,272,HEEOAD          ,HE0160      ,False,2017-11-08 06:11:57.580000000,PT_Batch,2017-11-08 06:11:57.580000000,PT_Batch
27130,HE-COLLECTIVE IMPACT-EQUITY,271,Y,272,HEEOAD          ,HE0190GP    ,False,2018-10-23 06:11:18.710000000,PT_Batch,2018-10-23 06:11:18.710000000,PT_Batch
27200,HE-ENVIRONMENTAL HEALTH-ADMIN,272,Y,275,HEEHBH          ,HE0600B     ,False,2014-12-05 10:55:21.483000000,STPPE_Batch,2017-11-08 06:11:57.593000000,PT_Batch
27210,HE-ENVIRONMENTAL HEALTH-OPERA,272,Y,000,HEEHBH          ,HE0600B     ,False,2018-10-23 06:11:18.727000000,PT_Batch,2018-10-23 06:11:18.727000000,PT_Batch
27300,HE-COMMUNITY HEALTH-ADMIN,273,Y,272,HECHBH          ,HECH0300B   ,False,2014-12-05 10:55:21.503000000,STPPE_Batch,2018-11-02 06:11:19.377000000,PT_Batch
27301,H&HS-HUM/SOC SVCS-SOC SVCS,273,Y,277,HECHBH          ,HECH1112B   ,True,2014-12-05 10:55:21.517000000,STPPE_Batch,2014-12-05 10:55:21.517000000,STPPE_Batch
27302,H&HS-HUM/SOC SVCS-REHAB SVCS,273,Y,276,HEPRNS          ,HEPR0421    ,True,2014-12-05 10:55:21.533000000,STPPE_Batch,2014-12-05 10:55:21.533000000,STPPE_Batch
27310,HE-COMMUNITY HEALTH-CHRON DIS,273,Y,277,HECHCD          ,HECHCD0920A ,False,2014-12-05 10:55:21.550000000,STPPE_Batch,2017-11-08 06:11:57.610000000,PT_Batch
27320,HE-COMMUNITY HEALTH-NUTRITION,273,Y,274,HECHNU          ,HECH0314B   ,False,2014-12-05 10:55:21.563000000,STPPE_Batch,2017-11-08 06:11:57.610000000,PT_Batch
27330,HE-COMMUNITY HEALTH-NURSING,273,Y,272,HECHNS          ,HECH0412B   ,False,2016-10-07 06:11:31.900000000,PT_Batch,2017-11-08 06:11:57.610000000,PT_Batch
27400,HE-CITY HEALTH OFFICE-ADMIN,274,Y,278,HEEOHO          ,HE0110B     ,False,2014-12-05 10:55:21.580000000,STPPE_Batch,2018-10-23 06:11:18.740000000,PT_Batch
27410,HE-CITY HEALTH OFFICE-PHEM,274,Y,273,HEEOHO          ,HE0110B     ,False,2014-12-05 10:55:21.593000000,STPPE_Batch,2018-10-23 06:11:18.740000000,PT_Batch
27430,H&HS-PREV  HLTH-LAB SERVICES,274,Y,274,HEPYLS          ,HEPY0513B   ,True,2014-12-05 10:55:21.610000000,STPPE_Batch,2014-12-05 10:55:21.610000000,STPPE_Batch
27500,HE-PHYSICIAN SERVICES-ADMIN,275,Y,277,HEPYBH          ,HEPY0500    ,False,2014-12-05 10:55:21.633000000,STPPE_Batch,2017-11-10 06:12:25.967000000,PT_Batch
27510,HE-PHYSICIAN SERVICES-CLINICAL,275,Y,277,HEPYCS          ,HEPY1200B   ,False,2014-12-05 10:55:21.647000000,STPPE_Batch,2017-11-08 06:11:57.627000000,PT_Batch
27520,HE-PHYSICIAN SERVICES-LAB,275,Y,277,HEPYLS          ,HEPY0513B   ,False,2014-12-05 10:55:21.660000000,STPPE_Batch,2017-11-08 06:11:57.627000000,PT_Batch
27530,HE-PHYSICIAN SERVICES-PHEM,275,Y,277,HEEOHO          ,HE0110B     ,False,2017-11-10 06:12:25.983000000,PT_Batch,2017-11-10 06:12:25.983000000,PT_Batch
27600,HE-HOUSING AUTHORITY-ADMIN,276,Y,000,HEHAHA          ,HE14VOUCH   ,False,2014-12-05 10:55:21.677000000,STPPE_Batch,2017-11-08 06:11:57.640000000,PT_Batch
27601,H&HS-HOUSING OPERATIONS,276,Y,275,HEHAHA          ,HE14VOUCH   ,True,2014-12-05 10:55:21.690000000,STPPE_Batch,2016-10-07 06:11:31.933000000,PT_Batch
27602,H&HS-SPECIAL HOUSING PROJECTS,276,Y,000,HEHAHA          ,HE14VOUCH   ,True,2014-12-05 10:55:21.707000000,STPPE_Batch,2014-12-05 10:55:21.707000000,STPPE_Batch
27610,HE-HOUSING AUTHORITY-PROG OP,276,Y,000,HEHAHA          ,HE14VOUCH   ,False,2014-12-05 10:55:21.720000000,STPPE_Batch,2017-11-08 06:11:57.640000000,PT_Batch
27620,HE-HOUSING AUTHORITY-ADMIN OP,276,Y,000,HEHAHA          ,HE14VOUCH   ,False,2014-12-05 10:55:21.737000000,STPPE_Batch,2017-11-08 06:11:57.640000000,PT_Batch
27700,HE-HUMAN SERVICES-ADMIN,277,Y,278,HEHUBH          ,HEHU0700B   ,False,2016-10-07 06:11:31.947000000,PT_Batch,2017-12-20 06:11:20.923000000,PT_Batch
27710,HE-HUMAN SERVICES-HOMELESS,277,Y,273,HEHUBH          ,HEHU1112B   ,False,2016-10-07 06:11:31.947000000,PT_Batch,2017-11-08 06:11:57.657000000,PT_Batch
27720,HE-HUMAN SERVICES-COMM IMPACT,277,Y,273,HEHUCI          ,HEHU0750    ,False,2017-11-08 06:11:57.657000000,PT_Batch,2017-11-08 06:11:57.657000000,PT_Batch
33001,LIBRARY-ADMINISTRATION,330,Y,331,LSEO            ,LS100D      ,False,2014-12-05 10:55:21.763000000,STPPE_Batch,2014-12-05 10:55:21.763000000,STPPE_Batch
33201,LIBRARY-BRANCH SVCS-BRANCHES,332,Y,333,LSBLBH          ,LS200D      ,False,2014-12-05 10:55:21.780000000,STPPE_Batch,2014-12-05 10:55:21.780000000,STPPE_Batch
33301,LIBRARY-MAIN SVCS-MAIN PUB SVC,333,Y,332,LSML            ,LS201D      ,False,2014-12-05 10:55:21.827000000,STPPE_Batch,2014-12-05 10:55:21.827000000,STPPE_Batch
33401,LIBRARY-SUPP SVCS-ADMIN,334,Y,340,LSSUBH          ,LS110D      ,False,2014-12-05 10:55:21.847000000,STPPE_Batch,2014-12-05 10:55:21.847000000,STPPE_Batch
33402,LIBRARY-SUPP SVCS-FACIL MGMT,334,Y,341,LSSUBH          ,LS110D      ,False,2014-12-05 10:55:21.860000000,STPPE_Batch,2014-12-05 10:55:21.860000000,STPPE_Batch
33403,LIBRARY-SUPP SVCS-TECH SVCS,334,Y,342,LSSUTS          ,LS280D      ,False,2014-12-05 10:55:21.880000000,STPPE_Batch,2014-12-05 10:55:21.880000000,STPPE_Batch
35000,DV-DIRECTOR,350,Y,351,DVADAD          ,DV1101      ,False,2014-12-05 10:55:21.893000000,STPPE_Batch,2014-12-05 10:55:21.893000000,STPPE_Batch
35001,DV-DIRECTOR-COMMUNICATIONS,350,Y,351,DVADAD          ,DV1101      ,False,2014-12-05 10:55:21.910000000,STPPE_Batch,2014-12-05 10:55:21.910000000,STPPE_Batch
35100,DV-BLDG & SAFETY-BUREAU MGR,351,Y,356,DVBUPC          ,DVBUADMIN   ,False,2014-12-05 10:55:21.923000000,STPPE_Batch,2014-12-05 10:55:21.923000000,STPPE_Batch
35101,DV-BLDG & SAFETY-ENGINEERING,351,Y,356,DVBUPC          ,DVBUADMIN   ,False,2014-12-05 10:55:21.943000000,STPPE_Batch,2014-12-05 10:55:21.943000000,STPPE_Batch
35102,DV-BLDG & SAFETY-INSPECTIONS,351,Y,355,DVBUPC          ,DVBUADMIN   ,False,2014-12-05 10:55:21.960000000,STPPE_Batch,2014-12-05 10:55:21.960000000,STPPE_Batch
35103,DV-BLDG & SAFETY-PERMIT CENTER,351,Y,358,DVBUPC          ,DVBUADMIN   ,False,2014-12-05 10:55:21.977000000,STPPE_Batch,2014-12-05 10:55:21.977000000,STPPE_Batch
35300,DV-PLNG-BUREAU MGR,353,Y,000,DVPLOP          ,DVPLENTITLE ,False,2014-12-05 10:55:21.990000000,STPPE_Batch,2014-12-05 10:55:21.990000000,STPPE_Batch
35301,DV-PLNG-PLANNING,353,Y,352,DVPLOP          ,DVPLENTITLE ,False,2014-12-05 10:55:22.007000000,STPPE_Batch,2014-12-05 10:55:22.007000000,STPPE_Batch
35302,DV-PLNG-HISTORIC PRESERVATION,353,Y,352,DVPLOP          ,DVPLENTITLE ,True,2014-12-05 10:55:22.020000000,STPPE_Batch,2014-12-05 10:55:22.020000000,STPPE_Batch
35303,DV-PLNG-ADVANCE PLANNING,353,Y,352,DVPLOP          ,DVPLENTITLE ,False,2014-12-05 10:55:22.037000000,STPPE_Batch,2014-12-05 10:55:22.037000000,STPPE_Batch
35304,DV-PLNG-CURRENT PLANNING,353,Y,352,DVPLOP          ,DVPLENTITLE ,False,2014-12-05 10:55:22.050000000,STPPE_Batch,2014-12-05 10:55:22.050000000,STPPE_Batch
35400,DV-NEIGHBORHOOD-BUREAU MGR,354,Y,000,DVNSBH          ,DVNSPRDFAULT,False,2014-12-05 10:55:22.063000000,STPPE_Batch,2014-12-05 10:55:22.063000000,STPPE_Batch
35401,DV-NEIGHBORHOOD-IMPROVEMENT,354,Y,000,DVNSBH          ,DVNSPRDFAULT,False,2014-12-05 10:55:22.080000000,STPPE_Batch,2014-12-05 10:55:22.080000000,STPPE_Batch
35402,DV-NEIGHBORHOOD-GRANT ADMIN,354,Y,000,DVNSBH          ,DVNSPRDFAULT,True,2014-12-05 10:55:22.093000000,STPPE_Batch,2014-12-05 10:55:22.093000000,STPPE_Batch
35403,DV-NEIGHBORHOOD-CODE ENFORCE,354,Y,000,DVNSBH          ,DVNSPRDFAULT,False,2014-12-05 10:55:22.110000000,STPPE_Batch,2014-12-05 10:55:22.110000000,STPPE_Batch
35404,DV-NEIGHBORHOOD-HOUSING REHAB,354,Y,000,DVNSBH          ,DVNSPRDFAULT,True,2014-12-05 10:55:22.127000000,STPPE_Batch,2014-12-05 10:55:22.127000000,STPPE_Batch
35405,DV-NEIGHBORHOOD-NUISANCE ABATE,354,Y,000,DVNSBH          ,DVNSPRDFAULT,True,2014-12-05 10:55:22.140000000,STPPE_Batch,2014-12-05 10:55:22.140000000,STPPE_Batch
35406,DV-NEIGHBORHOOD-INSPECTIONS,354,Y,000,DVNSBH          ,DVNSPRDFAULT,True,2014-12-05 10:55:22.157000000,STPPE_Batch,2014-12-05 10:55:22.157000000,STPPE_Batch
35407,DV-NEIGHBORHOOD-RELATIONS,354,Y,000,DVNSBH          ,DVNSPRDFAULT,False,2014-12-05 10:55:22.173000000,STPPE_Batch,2015-09-28 15:05:20.087000000,PT_Batch
35600,DV-AFS-BUREAU MGR,356,Y,000,DVADAD          ,DV1101      ,False,2014-12-05 10:55:22.193000000,STPPE_Batch,2014-12-05 10:55:22.193000000,STPPE_Batch
35601,DV-AFS-FINANCIAL SERVICES,356,Y,000,DVADAD          ,DV1101      ,False,2014-12-05 10:55:22.223000000,STPPE_Batch,2014-12-05 10:55:22.223000000,STPPE_Batch
35602,DV-AFS-ADMINISTRATIVE SERVICES,356,Y,000,DVADAD          ,DV1101      ,False,2014-12-05 10:55:22.243000000,STPPE_Batch,2014-12-05 10:55:22.243000000,STPPE_Batch
35603,DV-AFS-GRANTS ADMINISTRATION,356,Y,000,DVADAD          ,DV1101      ,False,2014-12-05 10:55:22.260000000,STPPE_Batch,2014-12-05 10:55:22.260000000,STPPE_Batch
35700,DV-HOUSING & COMM-BUREAU MGR,357,Y,001,DVHCHS          ,DVHCHSADM5  ,True,2014-12-05 10:55:22.280000000,STPPE_Batch,2014-12-05 10:55:22.280000000,STPPE_Batch
35701,DV-HOUSING & COMM-SERVICES,357,Y,002,DVHCHS          ,DVHCHSADM5  ,False,2014-12-05 10:55:22.293000000,STPPE_Batch,2014-12-05 10:55:22.293000000,STPPE_Batch
35702,DV-HOUSING & COMM-IMPROVEMENT,357,Y,003,DVHCHS          ,DVHCHSADM5  ,False,2014-12-05 10:55:22.310000000,STPPE_Batch,2014-12-05 10:55:22.310000000,STPPE_Batch
35703,DV-HOUSING & COMM-OPERATIONS,357,Y,004,DVHCHS          ,DVHCHSADM5  ,True,2014-12-05 10:55:22.327000000,STPPE_Batch,2014-12-05 10:55:22.327000000,STPPE_Batch
35800,DV-CODE ENF-BUREAU MGR,358,Y,004,DVHNNI          ,DVHNPRDFAULT,False,2016-09-27 06:11:31.627000000,PT_Batch,2016-09-27 06:11:31.627000000,PT_Batch
35801,DV-CODE ENF-MULTI FAMILY HSG,358,Y,004,DVHNNI          ,DVHNPRDFAULT,False,2016-09-27 06:11:31.640000000,PT_Batch,2016-09-27 06:11:31.640000000,PT_Batch
35802,DV-CODE ENF-STANDARD CODE ENF,358,Y,004,DVHNNI          ,DVHNPRDFAULT,False,2016-09-27 06:11:31.640000000,PT_Batch,2016-09-27 06:11:31.640000000,PT_Batch
35900,DV-HSG & NEIGH-BUREAU MGR,359,Y,004,DVHNNI          ,DVHNPRDFAULT,False,2016-09-27 06:11:31.657000000,PT_Batch,2016-09-27 06:11:31.657000000,PT_Batch
35901,DV-HSG&NEIGH-COMM IMPROVEMENT,359,Y,004,DVHNHS          ,DVHNHSADM5  ,False,2016-09-27 06:11:31.657000000,PT_Batch,2016-09-27 06:11:31.657000000,PT_Batch
35902,DV-HSG&NEIGH-HOUSING,359,Y,004,DVHNHS          ,DVHNHSADM5  ,False,2016-09-27 06:11:31.673000000,PT_Batch,2016-09-27 06:11:31.673000000,PT_Batch
35903,DV-HSG&NEIGH-NEIGH IMPROVEMENT,359,Y,004,DVHNNI          ,DVHNPRDFAULT,False,2016-09-27 06:11:31.673000000,PT_Batch,2016-09-27 06:11:31.673000000,PT_Batch
35904,DV-HSG&NEIGH-NEIGH RELATIONS,359,Y,004,DVHNNI          ,DVHNPRDFAULT,True,2016-09-27 06:11:31.687000000,PT_Batch,2016-09-27 06:11:31.687000000,PT_Batch
35905,DV-HSG&NEIGH-GRANTS ADMIN,359,Y,004,DVHNHS          ,DVHNHSADM5  ,False,2017-11-09 06:11:22.947000000,PT_Batch,2017-11-09 06:11:22.947000000,PT_Batch
37000,POLICE-CHIEF OF POLICE,370,Y,370,PDEOCP          ,PD0110      ,False,2014-12-05 10:55:22.343000000,STPPE_Batch,2014-12-05 10:55:22.343000000,STPPE_Batch
37001,POLICE-INTERNAL AFFAIRS,370,Y,379,PDEOIA          ,PD0112      ,False,2014-12-05 10:55:22.357000000,STPPE_Batch,2014-12-05 10:55:22.357000000,STPPE_Batch
37100,POLICE-ADMIN-COMM ENGAGEMENT,371,Y,382,PDADCE          ,PD1060CR    ,False,2014-12-05 10:55:22.383000000,STPPE_Batch,2017-04-18 06:11:30.507000000,PT_Batch
37101,POLICE-ADMIN-FISCAL,371,Y,372,PDADBM          ,PD1057      ,False,2014-12-05 10:55:22.407000000,STPPE_Batch,2014-12-05 10:55:22.407000000,STPPE_Batch
37103,POLICE-ADMIN-RECORDS,371,Y,371,PDADIM          ,PD1096IT    ,False,2014-12-05 10:55:22.423000000,STPPE_Batch,2014-12-05 10:55:22.423000000,STPPE_Batch
37105,POLICE-ADMIN-PERSONNEL,371,Y,371,PDADPT          ,PD1059      ,False,2014-12-05 10:55:22.440000000,STPPE_Batch,2014-12-05 10:55:22.440000000,STPPE_Batch
37106,POLICE-ADMIN-ACAD\RANGE\RECTS,371,Y,371,PDSUTR          ,PD0563      ,False,2014-12-05 10:55:22.457000000,STPPE_Batch,2014-12-05 10:55:22.457000000,STPPE_Batch
37107,POLICE-ADMIN-ADMIN,371,Y,371,PDADDC          ,PD1000      ,False,2014-12-05 10:55:22.473000000,STPPE_Batch,2014-12-05 10:55:22.473000000,STPPE_Batch
37201,POLICE-SUPPORT-PLAN & RESEARCH,372,Y,374,PDSUPR          ,PD0530      ,True,2014-12-05 10:55:22.487000000,STPPE_Batch,2014-12-05 10:55:22.487000000,STPPE_Batch
37202,POLICE-SUPPORT-JAIL,372,Y,374,PDSUJL          ,PD0540      ,False,2014-12-05 10:55:22.507000000,STPPE_Batch,2014-12-05 10:55:22.507000000,STPPE_Batch
37203,POLICE-SUPPORT-SECURITY SVCS,372,Y,374,PDSUSS          ,PD0580      ,False,2014-12-05 10:55:22.520000000,STPPE_Batch,2016-06-28 06:11:39.383000000,PT_Batch
37204,POLICE-SUPPORT-PORT POLICE,372,Y,374,PDSUEO          ,PD0510      ,False,2014-12-05 10:55:22.540000000,STPPE_Batch,2015-09-28 15:05:20.240000000,PT_Batch
37205,POLICE-SUPPORT-TRAINING,372,Y,374,PDSUTR          ,PD0560      ,False,2014-12-05 10:55:22.557000000,STPPE_Batch,2014-12-05 10:55:22.557000000,STPPE_Batch
37206,POLICE-SUPPORT-INFO&TECHNOLOGY,372,Y,374,DCECOP          ,DCEC3002    ,False,2014-12-05 10:55:22.580000000,STPPE_Batch,2016-06-28 06:11:39.417000000,PT_Batch
37207,POLICE-SUPPORT-ADMIN,372,Y,374,PDSUDC          ,PD0501      ,False,2014-12-05 10:55:22.597000000,STPPE_Batch,2014-12-05 10:55:22.597000000,STPPE_Batch
37301,POLICE-PATROL,373,Y,376,PDPTDC          ,PD0301      ,False,2014-12-05 10:55:22.617000000,STPPE_Batch,2014-12-05 10:55:22.617000000,STPPE_Batch
37302,POLICE-PATROL-FSD,373,Y,376,PDPTFS          ,PD0312      ,False,2014-12-05 10:55:22.643000000,STPPE_Batch,2014-12-05 10:55:22.643000000,STPPE_Batch
37303,POLICE-PATROL-FSD-SCHOOL GARDS,373,Y,376,PDPTFS          ,PD031266    ,False,2014-12-05 10:55:22.663000000,STPPE_Batch,2014-12-05 10:55:22.663000000,STPPE_Batch
37305,POLICE-PATROL-NORTH,373,Y,376,PDPTNO          ,PD0303      ,False,2014-12-05 10:55:22.687000000,STPPE_Batch,2014-12-05 10:55:22.687000000,STPPE_Batch
37306,POLICE-PATROL-SOUTH,373,Y,376,PDPTSO          ,PD0305      ,False,2014-12-05 10:55:22.717000000,STPPE_Batch,2014-12-05 10:55:22.717000000,STPPE_Batch
37307,POLICE-PATROL-EAST,373,Y,376,PDPTES          ,PD0307      ,False,2014-12-05 10:55:22.750000000,STPPE_Batch,2014-12-05 10:55:22.750000000,STPPE_Batch
37308,POLICE-PATROL-WEST,373,Y,376,PDPTWS          ,PD0355      ,False,2014-12-05 10:55:22.767000000,STPPE_Batch,2014-12-05 10:55:22.767000000,STPPE_Batch
37401,POLICE-FINANCIAL-FISCAL,374,Y,000,PDFBFD          ,PD1062      ,False,2016-04-14 16:03:15.723000000,PT_Batch,2016-04-14 16:03:15.723000000,PT_Batch
37801,POLICE-INVESTIGATIONS,378,Y,376,PDDTDC          ,PD0801      ,False,2014-12-05 10:55:22.783000000,STPPE_Batch,2014-12-05 10:55:22.783000000,STPPE_Batch
37802,POLICE-INVEST-DETECTIVE,378,Y,376,PDDTDT          ,PD0819      ,False,2014-12-05 10:55:22.797000000,STPPE_Batch,2014-12-05 10:55:22.797000000,STPPE_Batch
37803,POLICE-INVEST-GVC,378,Y,376,PDDTSI          ,PD0830      ,False,2014-12-05 10:55:22.813000000,STPPE_Batch,2014-12-05 10:55:22.813000000,STPPE_Batch
37804,POLICE-INVEST-YOUTH SERVICES,378,Y,376,PDDTYS          ,PD0860      ,False,2014-12-05 10:55:22.827000000,STPPE_Batch,2014-12-05 10:55:22.827000000,STPPE_Batch
37805,POLICE-INVEST-FORENSIC SCIENCE,378,Y,376,PDDTFS          ,PD0880      ,False,2014-12-05 10:55:22.843000000,STPPE_Batch,2014-12-05 10:55:22.843000000,STPPE_Batch
41000,DC-DPEC-ADMIN,410,Y,000,DCDP            ,DCADMIN     ,True,2016-08-04 06:11:35.330000000,PT_Batch,2016-08-05 06:11:35.083000000,PT_Batch
41100,DC-ADMIN,411,Y,000,DCAD            ,DCADM       ,False,2014-12-05 10:55:22.877000000,STPPE_Batch,2017-01-20 06:11:23.470000000,PT_Batch
41101,DC-DISAS PREP-EMERGENCY PREP,411,Y,000,DCDP            ,DCADMIN     ,True,2016-08-04 06:11:35.377000000,PT_Batch,2016-08-04 06:11:35.377000000,PT_Batch
41102,DC-DISAS PREP-DISASTER MGMT,411,Y,000,DCDP            ,DCADMIN     ,True,2016-08-04 06:11:35.377000000,PT_Batch,2016-08-04 06:11:35.377000000,PT_Batch
41103,DC-DISAS PREP-HOMELAND SEC GRT,411,Y,000,DCDP            ,DCADMIN     ,True,2016-08-04 06:11:35.393000000,PT_Batch,2016-08-04 06:11:35.393000000,PT_Batch
41200,DC-EMER COMM-ADMIN,412,Y,000,DCAD            ,DCADM       ,False,2014-12-05 10:55:22.890000000,STPPE_Batch,2017-01-20 06:11:23.487000000,PT_Batch
41201,DC-DISAS PREP-EMERGENCY PREP,412,Y,000,DCAD            ,DCADM       ,False,2016-08-05 06:11:35.117000000,PT_Batch,2017-01-20 06:11:23.487000000,PT_Batch
41202,DC-DISAS PREP-DISASTER MGMT,412,Y,000,DCAD            ,DCADM       ,False,2016-08-05 06:11:35.160000000,PT_Batch,2017-01-20 06:11:23.487000000,PT_Batch
41203,DC-DISAS PREP-HOMELAND SEC GRT,412,Y,000,DCAD            ,DCADM       ,False,2016-08-05 06:11:35.160000000,PT_Batch,2017-01-20 06:11:23.503000000,PT_Batch
41300,DC-EMER COMM-ADMIN,413,Y,000,DCAD            ,DCADM       ,False,2016-08-18 06:11:33.843000000,PT_Batch,2017-01-20 06:11:23.503000000,PT_Batch
50001,PW-DIRECTOR'S OFFICE,500,Y,901,PWEOAD          ,PWDI0101A   ,False,2014-12-05 10:55:22.923000000,STPPE_Batch,2014-12-05 10:55:22.923000000,STPPE_Batch
50101,PW-ASSET MGT-ADMINISTRATION,501,Y,911,PWAMRE          ,PWAMADMIN   ,True,2014-12-05 10:55:22.953000000,STPPE_Batch,2014-12-05 10:55:22.953000000,STPPE_Batch
50102,PW-ASSET MGT-REAL ESTATE-LEASI,501,Y,912,PWAMRE          ,PWAMADMIN   ,True,2014-12-05 10:55:22.970000000,STPPE_Batch,2014-12-05 10:55:22.970000000,STPPE_Batch
50103,PW-ASSET MGT-REAL ESTATE-ACQUI,501,Y,911,PWAMRE          ,PWAMADMIN   ,True,2014-12-05 10:55:22.983000000,STPPE_Batch,2014-12-05 10:55:22.983000000,STPPE_Batch
50104,PW-ASSET MGT-PARKING OPERATION,501,Y,913,PWAMRE          ,PWAMADMIN   ,True,2014-12-05 10:55:23,STPPE_Batch,2014-12-05 10:55:23,STPPE_Batch
50201,PW-ENG-ADMINISTRATIVE SERVICES,502,Y,921,PWENAD          ,PWEN1101A   ,False,2014-12-05 10:55:23.017000000,STPPE_Batch,2014-12-05 10:55:23.017000000,STPPE_Batch
50202,PW-ENG-CONSTRUCTION MANAGEMENT,502,Y,924,PWENCM          ,PWEN1201A   ,False,2014-12-05 10:55:23.047000000,STPPE_Batch,2014-12-05 10:55:23.047000000,STPPE_Batch
50203,PW-ENG-DESIGN,502,Y,922,PWENPD          ,PWEN1301A   ,False,2014-12-05 10:55:23.063000000,STPPE_Batch,2014-12-05 10:55:23.063000000,STPPE_Batch
50204,PW-ENG-TRANSPORTATION ENGINEER,502,Y,923,PWENTF          ,PWEN1404    ,False,2014-12-05 10:55:23.077000000,STPPE_Batch,2014-12-05 10:55:23.077000000,STPPE_Batch
50205,PW-ENG-TRANSPORTATION PLANNING,502,Y,925,PWENTF          ,PWEN1401A   ,True,2014-12-05 10:55:23.093000000,STPPE_Batch,2014-12-05 10:55:23.093000000,STPPE_Batch
50206,PW-ENG-STORM WATER/ENVIRONMENT,502,Y,923,PWENSW          ,PWENSTRM    ,False,2014-12-05 10:55:23.110000000,STPPE_Batch,2014-12-05 10:55:23.110000000,STPPE_Batch
50207,PW-ENG-PROJECT MANAGEMENT,502,Y,000,PWENPM          ,PWEN18A     ,False,2014-12-05 10:55:23.140000000,STPPE_Batch,2014-12-05 10:55:23.140000000,STPPE_Batch
50208,PW-ENG-PARKING OPERATIONS,502,Y,925,PWENPK          ,PWENPKDF    ,False,2014-12-05 10:55:23.157000000,STPPE_Batch,2014-12-05 10:55:23.157000000,STPPE_Batch
50220,PW-ENG-TRANSPORTATION PROGRAMS,502,Y,924,PWENPG          ,PWEN41A     ,False,2014-12-05 10:55:23.173000000,STPPE_Batch,2014-12-05 10:55:23.173000000,STPPE_Batch
50401,PW-PUB SVC-ADMINISTRATION,504,Y,941,PWPSAD          ,PWPS1101A   ,False,2014-12-05 10:55:23.187000000,STPPE_Batch,2014-12-05 10:55:23.187000000,STPPE_Batch
50403,PW-ELECTRONIC SYSTEMS,504,Y,947,PWENTF          ,PWEN1401C   ,False,2014-12-05 10:55:23.203000000,STPPE_Batch,2014-12-05 10:55:23.203000000,STPPE_Batch
50406,PW-PUB SVC-STREET MAINTENANCE,504,Y,948,PWPSFM          ,PWPSDFGP    ,False,2014-12-05 10:55:23.217000000,STPPE_Batch,2014-12-05 10:55:23.217000000,STPPE_Batch
50408,PW-PUB SVC-TRAFFIC OPS,504,Y,953,PWPSST          ,PWPSDFGP    ,False,2014-12-05 10:55:23.233000000,STPPE_Batch,2014-12-05 10:55:23.233000000,STPPE_Batch
50412,PW-PUB SVC-SAFETY & DISASTER,504,Y,965,PWPSSD          ,PWPS04SD    ,False,2014-12-05 10:55:23.250000000,STPPE_Batch,2014-12-05 10:55:23.250000000,STPPE_Batch
50413,PW-PUB SVC-FACILITIES MGMT,504,Y,965,PWPSFM          ,PWPSDFGP    ,False,2014-12-05 10:55:23.267000000,STPPE_Batch,2014-12-05 10:55:23.267000000,STPPE_Batch
50501,PW-ENVR SVC-ADM/RECYCLE/SP PRO,505,Y,941,PWEVAD          ,PWEV1D      ,False,2014-12-05 10:55:23.280000000,STPPE_Batch,2014-12-05 10:55:23.280000000,STPPE_Batch
50502,PW-ENVR SVC-REFUSE,505,Y,941,PWEVAD          ,PWEV1D      ,False,2014-12-05 10:55:23.297000000,STPPE_Batch,2014-12-05 10:55:23.297000000,STPPE_Batch
50503,PW-ENVR SVC-ST SWEEP/CLEAN LB,505,Y,941,PWEVSS          ,PWEV3115    ,False,2014-12-05 10:55:23.313000000,STPPE_Batch,2014-12-05 10:55:23.313000000,STPPE_Batch
50600,PW-FLEET-ADMIN AND OPERATIONS,506,Y,941,FMB9D1          ,FM70000D    ,False,2014-12-05 10:55:23.327000000,STPPE_Batch,2014-12-05 10:55:23.327000000,STPPE_Batch
50601,PW-FLEET-ACQUISITIONS,506,Y,941,FMB9D1          ,FM70000D    ,False,2014-12-05 10:55:23.343000000,STPPE_Batch,2014-12-05 10:55:23.343000000,STPPE_Batch
50602,PW-FLEET-MAINTENANCE,506,Y,941,FMB9D1          ,FM70000D    ,False,2014-12-05 10:55:23.360000000,STPPE_Batch,2014-12-05 10:55:23.360000000,STPPE_Batch
50603,PW-FLEET-FUEL&UNDRGRND STORAGE,506,Y,941,FMB9D4          ,FM94000D    ,False,2014-12-05 10:55:23.373000000,STPPE_Batch,2016-12-22 06:11:44.353000000,PT_Batch
50605,PW-FLEET-TOWING/LIEN SALES,506,Y,941,FMB9D4          ,FM94000D    ,False,2014-12-05 10:55:23.390000000,STPPE_Batch,2014-12-05 10:55:23.390000000,STPPE_Batch
50606,PW-FLEET-FUELS/UST,506,Y,941,FMB9D1          ,FM70000D    ,False,2016-10-14 06:11:41.907000000,PT_Batch,2016-10-14 06:11:41.907000000,PT_Batch
50700,PW-BUSINESS OPS-ADMINISTRATION,507,Y,941,PWBOAD          ,PWBUDF      ,False,2015-11-06 13:46:02.047000000,PT_Batch,2015-11-06 13:46:02.047000000,PT_Batch
50702,PW-BUSINESS OPS-BUDGET SVCS,507,Y,941,PWBOBS          ,PWBU0201A   ,False,2014-12-05 10:55:23.407000000,STPPE_Batch,2014-12-05 10:55:23.407000000,STPPE_Batch
50703,PW-BUSINESS OPS-PERSONNEL SVCS,507,Y,941,PWBOPS          ,PWBU0301A   ,False,2014-12-05 10:55:23.453000000,STPPE_Batch,2014-12-05 10:55:23.453000000,STPPE_Batch
50704,PW-BUSINESS OPS-SAFTY&DISASTER,507,Y,941,PWBOSD          ,PWBU04SD    ,False,2014-12-05 10:55:23.470000000,STPPE_Batch,2014-12-05 10:55:23.470000000,STPPE_Batch
50705,PW-BUSINESS OPS-COMMUNICATION,507,Y,941,PWBOCM          ,PWBU05CM    ,False,2014-12-05 10:55:23.500000000,STPPE_Batch,2014-12-05 10:55:23.500000000,STPPE_Batch
50801,PW-TRANS MOB-ADMIN,508,Y,941,PWTRAD          ,PWTR11A     ,False,2017-11-17 06:11:27.813000000,PT_Batch,2017-11-17 06:11:27.813000000,PT_Batch
50802,PW-TRANS MOB-MOB PROG,508,Y,941,PWTRMB          ,PWTR51A     ,False,2017-11-17 06:11:27.860000000,PT_Batch,2017-11-17 06:11:27.860000000,PT_Batch
50803,PW-TRANS MOB-TRANS ENG,508,Y,941,PWTREN          ,PWTR21A     ,False,2017-11-17 06:11:27.877000000,PT_Batch,2017-11-17 06:11:27.877000000,PT_Batch
50804,PW-TRANS MOB-TRANS DEVEL,508,Y,941,PWTRTD          ,PWTR61A     ,False,2017-11-17 06:11:27.877000000,PT_Batch,2017-11-17 06:11:27.877000000,PT_Batch
51001,PW-BUSINESS OPS-ADMINISTRATION,510,Y,941,PWBOAD          ,PWBUDF      ,False,2015-12-14 06:11:37.990000000,PT_Batch,2015-12-14 06:11:37.990000000,PT_Batch
51002,PW-BUSINESS OPS-BUDGET SERVICE,510,Y,941,PWBOAD          ,PWBUDF      ,False,2015-12-14 06:11:38.020000000,PT_Batch,2015-12-14 06:11:38.020000000,PT_Batch
51003,PW-BUSINESS OPS-PERSONNEL SERV,510,Y,941,PWBOAD          ,PWBUDF      ,False,2015-12-14 06:11:38.037000000,PT_Batch,2015-12-14 06:11:38.037000000,PT_Batch
51004,PW-BUSINESS OPS-SAFETY DIVISIO,510,Y,941,PWBOAD          ,PWBUDF      ,False,2015-12-14 06:11:38.050000000,PT_Batch,2015-12-14 06:11:38.050000000,PT_Batch
51005,PW-BUSINESS OPS-COMMUNICATIONS,510,Y,941,PWBOAD          ,PWBUDF      ,False,2015-12-14 06:11:38.067000000,PT_Batch,2015-12-14 06:11:38.067000000,PT_Batch
51101,AIRPORT-BUS OPER-FINANCE&ADMIN,511,Y,911,APADAD          ,AP101       ,False,2014-12-05 10:55:23.597000000,STPPE_Batch,2014-12-05 10:55:23.597000000,STPPE_Batch
51102,AIRPORT-BUS OPER-LEASING & BUS,511,Y,912,APADLS          ,AP103       ,False,2014-12-05 10:55:23.610000000,STPPE_Batch,2014-12-05 10:55:23.610000000,STPPE_Batch
51103,AIRPORT-BUS OPER-PUBLIC AFFAIR,511,Y,913,APADPA          ,AP107       ,False,2014-12-05 10:55:23.627000000,STPPE_Batch,2014-12-05 10:55:23.627000000,STPPE_Batch
51104,AIRPORT-BUS OPER-NOISE&ENVIRON,511,Y,917,APADNS          ,AP109       ,False,2014-12-05 10:55:23.627000000,STPPE_Batch,2014-12-05 10:55:23.627000000,STPPE_Batch
51105,AIRPORT-NOISE ABATEMENT,511,Y,915,APPA            ,AP403       ,False,2014-12-05 10:55:23.660000000,STPPE_Batch,2014-12-05 10:55:23.660000000,STPPE_Batch
51106,AIRPORT-LEASING AND BUS DEVPMT,511,Y,916,APADAD          ,AP01        ,False,2014-12-05 10:55:23.677000000,STPPE_Batch,2014-12-05 10:55:23.677000000,STPPE_Batch
51107,AIRPORT-SECURITY,511,Y,914,APOPSE          ,AP303       ,False,2014-12-05 10:55:23.697000000,STPPE_Batch,2014-12-05 10:55:23.697000000,STPPE_Batch
51108,AIRPORT-BUILDING SVCS,511,Y,918,APOPBS          ,AP307       ,False,2014-12-05 10:55:23.713000000,STPPE_Batch,2014-12-05 10:55:23.713000000,STPPE_Batch
51201,AIRPORT-ENGINEERING,512,Y,913,APOP            ,AP318       ,False,2014-12-05 10:55:23.733000000,STPPE_Batch,2014-12-05 10:55:23.733000000,STPPE_Batch
51202,AIRPORT-BUS OPER-LEASING,512,Y,913,APADLS          ,AP103       ,False,2014-12-05 10:55:23.750000000,STPPE_Batch,2014-12-05 10:55:23.750000000,STPPE_Batch
51301,AIRPORT-AIR OPER-OPERATIONS,513,Y,912,APOPOP          ,AP301       ,False,2014-12-05 10:55:23.767000000,STPPE_Batch,2014-12-05 10:55:23.767000000,STPPE_Batch
51302,AIRPORT-AIR OPER-MAINT & FACIL,513,Y,913,APOPMF          ,AP305       ,False,2014-12-05 10:55:23.783000000,STPPE_Batch,2014-12-05 10:55:23.783000000,STPPE_Batch
51303,AIRPORT-AIR OPER-BUILD SVCS,513,Y,918,APOPBS          ,AP307       ,False,2014-12-05 10:55:23.813000000,STPPE_Batch,2014-12-05 10:55:23.813000000,STPPE_Batch
51304,AIRPORT-AIR OPER-SECURITY,513,Y,918,APOPSE          ,AP303       ,False,2014-12-05 10:55:23.837000000,STPPE_Batch,2014-12-05 10:55:23.837000000,STPPE_Batch
51306,AIRPORT-AIR OPER-PUBLIC AFFA,513,Y,917,APPA            ,AP401       ,False,2014-12-05 10:55:23.870000000,STPPE_Batch,2014-12-05 10:55:23.870000000,STPPE_Batch
51307,AIRPORT-AIR OPER-NOISE COMPL,513,Y,915,APPA            ,AP403       ,False,2014-12-05 10:55:23.920000000,STPPE_Batch,2014-12-05 10:55:23.920000000,STPPE_Batch
70001,PR-BUSINESS OPERATIONS,700,Y,750,PRBS01          ,PR11000     ,False,2014-12-05 10:55:23.937000000,STPPE_Batch,2014-12-05 10:55:23.937000000,STPPE_Batch
70002,PR-BUS OPS/SPEC EVENTS,700,Y,750,PRBS01          ,PR11000     ,False,2014-12-05 10:55:23.950000000,STPPE_Batch,2014-12-05 10:55:23.950000000,STPPE_Batch
70100,PR-COMM REC SVCS-ADMIN,701,Y,752,PRCR01          ,PR80099     ,False,2014-12-05 10:55:23.967000000,STPPE_Batch,2014-12-05 10:55:23.967000000,STPPE_Batch
70101,PR-COMM REC SVCS-CITYWIDE ADMI,701,Y,751,PRCR01          ,PR80099     ,False,2014-12-05 10:55:23.983000000,STPPE_Batch,2014-12-05 10:55:23.983000000,STPPE_Batch
70102,PR-COMM REC SVCS-AREA II,701,Y,766,PRCR01          ,PR81000     ,False,2014-12-05 10:55:23.997000000,STPPE_Batch,2014-12-05 10:55:23.997000000,STPPE_Batch
70103,PR-COMM REC SVCS-AREA I,701,Y,767,PRCR01          ,PR82000     ,False,2014-12-05 10:55:24.030000000,STPPE_Batch,2014-12-05 10:55:24.030000000,STPPE_Batch
70104,PR-COMM REC SVCS-CITYWIDE PROG,701,Y,768,PRCR01          ,PR83000     ,False,2014-12-05 10:55:24.047000000,STPPE_Batch,2014-12-05 10:55:24.047000000,STPPE_Batch
70105,PR-COMM REC SVCS-COMMUNITY SER,701,Y,768,PRCR01          ,PR80099     ,False,2014-12-05 10:55:24.060000000,STPPE_Batch,2014-12-05 10:55:24.060000000,STPPE_Batch
70106,PR-COMM REC SVCS-CITYWIDE SERV,701,Y,768,PRCR01          ,PR84000     ,False,2014-12-05 10:55:24.077000000,STPPE_Batch,2014-12-05 10:55:24.077000000,STPPE_Batch
70107,PR-COMM REC SVCS-AQUATICS,701,Y,768,PRCR01          ,PR85000     ,False,2014-12-05 10:55:24.107000000,STPPE_Batch,2014-12-05 10:55:24.107000000,STPPE_Batch
70108,PR-COMM REC SVCS AREA III,701,Y,768,PRCR01          ,PR86000     ,False,2014-12-05 10:55:24.123000000,STPPE_Batch,2014-12-05 10:55:24.123000000,STPPE_Batch
70109,PR-COMM SVCS-PARK RANGERS,701,Y,000,PRCR08          ,PR89099     ,False,2014-12-05 10:55:24.137000000,STPPE_Batch,2014-12-05 10:55:24.137000000,STPPE_Batch
70200,PR-REC SVCS-ADMINISTRATION,702,Y,770,XCTONP          ,XCNPTO      ,False,2014-12-05 10:55:24.153000000,STPPE_Batch,2014-12-05 10:55:24.153000000,STPPE_Batch
70201,PR-REC SVCS-COMMUNITY INFO,702,Y,770,XCTONP          ,XCNPTO      ,False,2014-12-05 10:55:24.187000000,STPPE_Batch,2014-12-05 10:55:24.187000000,STPPE_Batch
70300,PR-COMM REC PGS,703,Y,753,PRCR01          ,PR80099     ,False,2014-12-05 10:55:24.200000000,STPPE_Batch,2014-12-05 10:55:24.200000000,STPPE_Batch
70301,PR-COMM REC PGS-AREA #1,703,Y,771,PRCR07          ,PR86099     ,False,2014-12-05 10:55:24.217000000,STPPE_Batch,2014-12-05 10:55:24.217000000,STPPE_Batch
70302,PR-COMM REC PGS-AREA #2,703,Y,772,PRCR07          ,PR86099     ,False,2014-12-05 10:55:24.233000000,STPPE_Batch,2014-12-05 10:55:24.233000000,STPPE_Batch
70303,PR-COMM REC PGS-AREA #3,703,Y,773,PRCR07          ,PR86099     ,False,2014-12-05 10:55:24.247000000,STPPE_Batch,2014-12-05 10:55:24.247000000,STPPE_Batch
70304,PR-COMM REC PGS-YOUTH SVCS,703,Y,773,PRCR04          ,PR83099     ,False,2014-12-05 10:55:24.263000000,STPPE_Batch,2014-12-05 10:55:24.263000000,STPPE_Batch
70305,PR-COMM PARKS PGS-SPEC SVCS,703,Y,773,PRCR08          ,PR89099     ,False,2014-12-05 10:55:24.280000000,STPPE_Batch,2014-12-05 10:55:24.280000000,STPPE_Batch
70400,PR-SPECIAL EVENTS,704,Y,754,XCTONP          ,XCNPTO      ,False,2014-12-05 10:55:24.293000000,STPPE_Batch,2014-12-05 10:55:24.293000000,STPPE_Batch
70500,PR-MAINT OPER-ADMINISTRATION,705,Y,760,PRMD01          ,PR50008     ,False,2014-12-05 10:55:24.310000000,STPPE_Batch,2014-12-05 10:55:24.310000000,STPPE_Batch
70502,PR-MAINT OPER-GROUNDS MAINT,705,Y,762,PRMD01          ,PR50008     ,False,2014-12-05 10:55:24.340000000,STPPE_Batch,2014-12-05 10:55:24.340000000,STPPE_Batch
70503,PR-MAINT OPER-GROUNDS MAINT 2,705,Y,763,PRMD01          ,PR50008     ,False,2014-12-05 10:55:24.357000000,STPPE_Batch,2014-12-05 10:55:24.357000000,STPPE_Batch
70504,PR-MAINT OPER-MARINE MAIN ADM,705,Y,765,PRMD0401        ,PR53000     ,False,2014-12-05 10:55:24.373000000,STPPE_Batch,2014-12-05 10:55:24.373000000,STPPE_Batch
70505,PR-MAINT OPER-BEACH MAINT/QUEE,705,Y,765,PRMD0402        ,PR53000     ,True,2014-12-05 10:55:24.387000000,STPPE_Batch,2014-12-05 10:55:24.387000000,STPPE_Batch
70506,PR-MAINT OPER-GRNDS TIDELANDS,705,Y,765,PRMD0402        ,PR53000     ,False,2014-12-05 10:55:24.403000000,STPPE_Batch,2014-12-05 10:55:24.403000000,STPPE_Batch
70507,PR-MAINT OPER-PARK FAC MAINT,705,Y,765,PRMD0404        ,PR53000     ,False,2014-12-05 10:55:24.420000000,STPPE_Batch,2014-12-05 10:55:24.420000000,STPPE_Batch
70508,PR-MAINT OPER-MARINE MAINTENAN,705,Y,765,PRMD0403        ,PR53000     ,True,2014-12-05 10:55:24.437000000,STPPE_Batch,2014-12-05 10:55:24.437000000,STPPE_Batch
70600,PR-MARINE-ADMINISTRATION,706,Y,651,PRMB01          ,PR41000     ,False,2014-12-05 10:55:24.450000000,STPPE_Batch,2014-12-05 10:55:24.450000000,STPPE_Batch
70601,PR-MARINE-MARINA OPERATIONS,706,Y,655,PRMB02          ,PR42000     ,False,2014-12-05 10:55:24.467000000,STPPE_Batch,2016-04-14 16:03:16.223000000,PT_Batch
70602,PR-MARINE-BEACH MAINT/QUEENSWA,706,Y,653,PRMB01          ,PR41000     ,False,2014-12-05 10:55:24.480000000,STPPE_Batch,2016-04-14 16:03:16.223000000,PT_Batch
70603,PR-MARINE-MARINE MAINT,706,Y,654,PRMB01          ,PR41000     ,False,2014-12-05 10:55:24.513000000,STPPE_Batch,2016-04-14 16:03:16.223000000,PT_Batch
70604,PR-MARINE-MAINTENANCE,706,Y,652,XCTONP          ,XCNPTO      ,True,2014-12-05 10:55:24.527000000,STPPE_Batch,2014-12-05 10:55:24.527000000,STPPE_Batch
70700,PR-PLANNING & DEVELOPMENT,707,Y,651,PRPD            ,PR60000     ,False,2014-12-05 10:55:24.543000000,STPPE_Batch,2014-12-05 10:55:24.543000000,STPPE_Batch
70800,PR-ANIMAL CARE SERVICES BUREA,708,Y,651,PRAC            ,PR19010     ,False,2014-12-05 10:55:24.560000000,STPPE_Batch,2014-12-05 10:55:24.560000000,STPPE_Batch
83001,HARBOR-EXECUTIVE,830,N,841,HAEODR          ,HAEOPY      ,False,2014-12-05 10:55:24.577000000,STPPE_Batch,2014-12-05 10:55:24.577000000,STPPE_Batch
83002,HARBOR-GOVERNMENT AFFAIRS,830,N,841,HAEOCR          ,HACRPY      ,True,2014-12-05 10:55:24.590000000,STPPE_Batch,2015-03-19 15:05:30.707000000,STPPE_Batch
83101,HARBOR-F & A - HUMAN RESOURCES,831,N,830,HAADAD          ,HAADPY      ,True,2014-12-05 10:55:24.607000000,STPPE_Batch,2015-03-19 15:05:30.717000000,STPPE_Batch
83102,HARBOR-F & A - FINANCE,831,N,831,HAADFN          ,HAFNPY      ,False,2014-12-05 10:55:24.623000000,STPPE_Batch,2014-12-05 10:55:24.623000000,STPPE_Batch
83103,HARBOR-F & A -INFORMATION MGMT,831,N,840,HAADIM          ,HAIMPY      ,False,2014-12-05 10:55:24.637000000,STPPE_Batch,2014-12-05 10:55:24.637000000,STPPE_Batch
83104,HARBOR-F&A-REAL ESTATE,831,N,838,HAADPR          ,HAPRPY      ,False,2014-12-05 10:55:24.670000000,STPPE_Batch,2014-12-05 10:55:24.670000000,STPPE_Batch
83105,HARBOR-F & A-RISK MANAGEMENT,831,N,835,HAADRM          ,HARMPY      ,False,2014-12-05 10:55:24.683000000,STPPE_Batch,2014-12-05 10:55:24.683000000,STPPE_Batch
83201,HARBOR-ENGR-DESIGN,832,N,834,HAOPDS          ,HADSPY      ,False,2014-12-05 10:55:24.700000000,STPPE_Batch,2014-12-05 10:55:24.700000000,STPPE_Batch
83202,HARBOR-ENGR-CONSTRUCTION MGMT,832,N,839,HAOPCM          ,HACNPY      ,False,2014-12-05 10:55:24.717000000,STPPE_Batch,2014-12-05 10:55:24.717000000,STPPE_Batch
83203,HARBOR-ENGR-PROGRAM MGMT,832,N,834,HAOPPM          ,HAPMPY      ,False,2014-12-05 10:55:24.730000000,STPPE_Batch,2014-12-05 10:55:24.730000000,STPPE_Batch
83204,HARBOR-ENGR-ENGR ADMIN,832,N,834,HAOPPM          ,HAENPY      ,False,2014-12-05 10:55:24.747000000,STPPE_Batch,2014-12-05 10:55:24.747000000,STPPE_Batch
83205,HARBOR-ENGR-PROJECT CONTROLS,832,N,834,HAOPPCPC        ,HAENPCPY    ,False,2014-12-05 10:55:24.763000000,STPPE_Batch,2018-10-19 06:11:23.950000000,PT_Batch
83206,HARBOR-ENGR-MAINTENANCE,832,N,834,HAMSMA          ,HAMAPY      ,False,2014-12-05 10:55:24.793000000,STPPE_Batch,2014-12-05 10:55:24.793000000,STPPE_Batch
83207,HARBOR-ENGR-PROGRAM DELIVERY,832,N,834,HAOPPMDV        ,HAENPY      ,False,2014-12-05 10:55:24.810000000,STPPE_Batch,2018-11-14 06:11:19.877000000,PT_Batch
83208,HARBOR-ENGR-DESIGN & MAINT,832,N,834,HAOPDM          ,HADMPY      ,False,2014-12-05 10:55:24.827000000,STPPE_Batch,2014-12-05 10:55:24.827000000,STPPE_Batch
83209,HARBOR-ENGR-SURVEY,832,N,834,HAOPSV          ,HASVPY      ,False,2015-11-24 10:31:50.873000000,PT_Batch,2017-04-10 06:11:21.367000000,PT_Batch
83302,HARBOR-COMM OPS-BUS DVLPMNT,833,N,833,HAMSTM          ,HATRPY      ,False,2014-12-05 10:55:24.840000000,STPPE_Batch,2014-12-05 10:55:24.840000000,STPPE_Batch
83303,HARBOR-TD&PO-COMMS&CMMTY RLTNS,833,N,837,HAMSCT          ,HACTPY      ,True,2014-12-05 10:55:24.857000000,STPPE_Batch,2015-03-19 15:05:30.853000000,STPPE_Batch
83304,HARBOR-COMMERCIAL OPS-SECURITY,833,N,832,HAMSSC          ,HASCPY      ,False,2014-12-05 10:55:24.870000000,STPPE_Batch,2014-12-05 10:55:24.870000000,STPPE_Batch
83305,HARBOR-COMM OPS-TENANT SVCS&OP,833,N,832,HAMSTS          ,HATSPY      ,False,2014-12-05 10:55:24.887000000,STPPE_Batch,2018-11-14 06:11:19.907000000,PT_Batch
83401,HARBOR-P&EA-MASTER PLANNING,834,N,839,HAEPPL          ,HAPLPY      ,False,2014-12-05 10:55:24.917000000,STPPE_Batch,2015-11-24 10:31:50.927000000,PT_Batch
83402,HARBOR-P&EA-ENVIRONMENTAL PLAN,834,N,839,HAEPEV          ,HAEVPY      ,False,2014-12-05 10:55:24.933000000,STPPE_Batch,2015-11-24 10:31:50.940000000,PT_Batch
83403,HARBOR-P&EA-TRANS PLANNING,834,N,839,HAEPTP          ,HATGPY      ,False,2014-12-05 10:55:24.950000000,STPPE_Batch,2015-11-24 10:31:50.950000000,PT_Batch
83501,HARBOR-HR&TD-HUMAN RESOURCES,835,N,839,HAADAD          ,HAADPY      ,False,2014-12-05 10:55:24.967000000,STPPE_Batch,2014-12-05 10:55:24.967000000,STPPE_Batch
83502,HARBOR-HR&TD-TEAM DEVELOPMENT,835,N,839,HAHRTD          ,HATDPY      ,False,2014-12-05 10:55:24.980000000,STPPE_Batch,2018-11-14 06:11:19.923000000,PT_Batch
83601,HARBOR-COMMUNICATIONS-GOV RELA,836,N,839,HAEOCR          ,HACRPY      ,False,2014-12-05 10:55:24.997000000,STPPE_Batch,2015-11-24 10:31:50.977000000,PT_Batch
83602,HARBOR-COMM-COMMS&CMMTY RLTNS,836,N,837,HAMSCT          ,HACTPY      ,False,2015-01-13 14:51:46.480000000,STPPE_Batch,2015-01-13 14:51:46.480000000,STPPE_Batch
83603,HARBOR-COMMUNICATIONS-MARKETIN,836,N,837,HACOMK          ,HAMKPY      ,False,2014-12-05 10:55:25.013000000,STPPE_Batch,2018-11-14 06:11:19.953000000,PT_Batch
85001,WATER-COMMISSIONERS,850,N,851,WABOBO          ,WAPDBB      ,False,2014-12-05 10:55:25.043000000,STPPE_Batch,2014-12-05 10:55:25.043000000,STPPE_Batch
85002,WATER-EXECUTIVES,850,N,852,WAETETDI        ,WAPDBB      ,False,2014-12-05 10:55:25.060000000,STPPE_Batch,2014-12-05 10:55:25.060000000,STPPE_Batch
85003,WATER-PLANNING,850,N,859,WAETETPL        ,WAPDBB      ,False,2014-12-05 10:55:25.090000000,STPPE_Batch,2014-12-05 10:55:25.090000000,STPPE_Batch
85004,WATER-GOVERNMENTAL&PUB AFFAIRS,850,N,859,WAETETPA        ,WAPDBB      ,False,2014-12-05 10:55:25.107000000,STPPE_Batch,2014-12-05 10:55:25.107000000,STPPE_Batch
85010,WATER-BOARD OF WATER COMMRS,850,N,851,WABBGA          ,WAPDBB      ,False,2019-05-24 06:11:14.240000000,PT_Batch,2019-09-27 10:38:33.593000000,PT_Batch
85020,WATER-EXECUTIVE,850,N,851,WABBGA          ,WAPDBB      ,False,2019-05-24 06:11:14.273000000,PT_Batch,2019-09-27 10:38:33.610000000,PT_Batch
85030,WATER-EXECUTIVE SUPPORT,850,N,851,WABBGA          ,WAPDBB      ,False,2019-05-24 06:11:14.287000000,PT_Batch,2019-09-27 10:38:33.610000000,PT_Batch
85100,WATER-ADMIN BUR - DO NOT USE,851,N,859,WAAD            ,WAFNA       ,True,2014-12-05 10:55:25.120000000,STPPE_Batch,2014-12-05 10:55:25.120000000,STPPE_Batch
85110,WATER-ADMINISTRATION BUREAU,851,N,859,WABBGA          ,WAPDBB      ,False,2019-05-24 06:11:14.287000000,PT_Batch,2019-09-27 10:38:33.610000000,PT_Batch
85120,WATER-ADMINISTRATION DIVISION,851,N,859,WABBGA          ,WAPDBB      ,False,2019-05-24 06:11:14.303000000,PT_Batch,2019-09-27 10:38:33.627000000,PT_Batch
85130,WATER-MGMT INFO SRVCS DIV,851,N,859,WABBGA          ,WAPDBB      ,False,2019-05-24 06:11:14.303000000,PT_Batch,2019-09-27 10:38:33.627000000,PT_Batch
85140,WATER-SEC & EMER PREP DIV,851,N,859,WABBGA          ,WAPDBB      ,False,2019-05-24 06:11:14.317000000,PT_Batch,2019-09-27 10:38:33.627000000,PT_Batch
85200,WATER-ADMINISTRATION,852,N,860,WABBAD          ,WAPDBB      ,False,2014-12-05 10:55:25.137000000,STPPE_Batch,2014-12-05 10:55:25.137000000,STPPE_Batch
85201,WATER-ACCOUNTING,852,N,860,WABBAG          ,WAPDBB      ,False,2014-12-05 10:55:25.153000000,STPPE_Batch,2014-12-05 10:55:25.153000000,STPPE_Batch
85202,WATER-WAREHOUSE/PURCHASING,852,N,860,WABBWH          ,WAPDBB      ,False,2014-12-05 10:55:25.167000000,STPPE_Batch,2014-12-05 10:55:25.167000000,STPPE_Batch
85203,WATER-M.I.S.,852,N,860,WABBIM          ,WAPDBB      ,False,2014-12-05 10:55:25.200000000,STPPE_Batch,2014-12-05 10:55:25.200000000,STPPE_Batch
85204,WATER-SAFETY,852,N,860,WABBSP          ,WAPDBB      ,False,2014-12-05 10:55:25.217000000,STPPE_Batch,2019-09-27 10:38:33.657000000,PT_Batch
85206,WATER-EMERGENCY PREPAREDNESS,852,N,860,WABBEP          ,WAPDBB      ,False,2014-12-05 10:55:25.230000000,STPPE_Batch,2014-12-05 10:55:25.230000000,STPPE_Batch
85207,WATER-BUSINESS BUREAU G&A,852,N,860,WABBGA          ,WAPDBB      ,True,2014-12-05 10:55:25.247000000,STPPE_Batch,2014-12-05 10:55:25.247000000,STPPE_Batch
85210,WATER-ENGINEERING BUREAU,852,N,860,WAENGA          ,WAPDEB      ,False,2019-05-24 06:11:14.350000000,PT_Batch,2019-09-27 10:38:33.657000000,PT_Batch
85220,WATER-DEV SERVICES DIVISION,852,N,860,WAENGA          ,WAPDEB      ,False,2019-05-24 06:11:14.367000000,PT_Batch,2019-09-27 10:38:33.673000000,PT_Batch
85230,WATER-FACILITIES DIVISION,852,N,860,WAENGA          ,WAPDEB      ,False,2019-05-24 06:11:14.367000000,PT_Batch,2019-09-27 10:38:33.673000000,PT_Batch
85240,WATER-PIPELINE DIVISION,852,N,860,WAENGA          ,WAPDEB      ,False,2019-05-24 06:11:14.380000000,PT_Batch,2019-09-27 10:38:33.673000000,PT_Batch
85300,WATER-WATER QUALITY,853,N,865,WATMWQ          ,WAPDTP      ,False,2014-12-05 10:55:25.260000000,STPPE_Batch,2014-12-05 10:55:25.260000000,STPPE_Batch
85301,WATER-TREATMENT PLANT OPS,853,N,862,WATMTPOP        ,WAPDTP      ,False,2014-12-05 10:55:25.277000000,STPPE_Batch,2014-12-05 10:55:25.277000000,STPPE_Batch
85302,WATER-BOTTLING PLANT,853,N,862,WATMTPBP        ,WAPDTP      ,True,2014-12-05 10:55:25.307000000,STPPE_Batch,2014-12-05 10:55:25.307000000,STPPE_Batch
85303,WATER-TREATMENT PLANT MAINT,853,N,862,WATMTPMA        ,WAPDTP      ,True,2014-12-05 10:55:25.323000000,STPPE_Batch,2014-12-05 10:55:25.323000000,STPPE_Batch
85310,WATER-FINANCE BUREAU,853,N,860,WABBGA          ,WAPDBB      ,False,2019-05-24 06:11:14.397000000,PT_Batch,2019-09-27 10:38:33.687000000,PT_Batch
85320,WATER-ACCOUNTING DIVISION,853,N,860,WAFN            ,WAFNA       ,False,2019-05-24 06:11:14.397000000,PT_Batch,2019-09-27 10:38:33.687000000,PT_Batch
85330,WATER-BUDGET AND RATES DIV,853,N,860,WAFN            ,WAFNA       ,False,2019-05-24 06:11:14.413000000,PT_Batch,2019-09-27 10:38:33.703000000,PT_Batch
85400,WATER-WATER&SEWER FIELD OPERS,854,N,866,WAOPWOAD        ,WAPDOP      ,False,2014-12-05 10:55:25.340000000,STPPE_Batch,2019-09-27 10:38:33.703000000,PT_Batch
85401,WATER-MAIN CONSTRUCTION,854,N,863,WAOPWOMC        ,WAPDOP      ,False,2014-12-05 10:55:25.357000000,STPPE_Batch,2014-12-05 10:55:25.357000000,STPPE_Batch
85402,WATER-SERVICE CONSTRUCTION,854,N,864,WAOPWOWS        ,WAPDOP      ,False,2014-12-05 10:55:25.370000000,STPPE_Batch,2014-12-05 10:55:25.370000000,STPPE_Batch
85403,WATER-METER/BACKFLOW VALVE OPS,854,N,864,WAOPWOMB        ,WAPDOP      ,False,2014-12-05 10:55:25.387000000,STPPE_Batch,2014-12-05 10:55:25.387000000,STPPE_Batch
85404,WATER-CUSTOMER SERVICE,854,N,864,WAOPWOCS        ,WAPDOP      ,False,2014-12-05 10:55:25.417000000,STPPE_Batch,2014-12-05 10:55:25.417000000,STPPE_Batch
85405,WATER-COMMUNICATIONS,854,N,864,WAOPWOCO        ,WAPDOP      ,False,2014-12-05 10:55:25.433000000,STPPE_Batch,2014-12-05 10:55:25.433000000,STPPE_Batch
85410,WATER-GOVT AND PUBLIC AFFRS,854,N,860,WABBGA          ,WAPDBB      ,False,2019-05-24 06:11:14.460000000,PT_Batch,2019-09-27 10:38:33.737000000,PT_Batch
85420,WATER-GOVERNMENT DIVISION,854,N,860,WABBGA          ,WAPDBB      ,False,2019-05-24 06:11:14.460000000,PT_Batch,2019-09-27 10:38:33.737000000,PT_Batch
85430,WATER-PUBLIC AFFAIRS  DIVISION,854,N,860,WABBGA          ,WAPDBB      ,False,2019-05-24 06:11:14.473000000,PT_Batch,2019-09-27 10:38:33.750000000,PT_Batch
85500,WATER-ENGINEERING ADMIN,855,N,861,WAENGA          ,WAPDEB      ,False,2014-12-05 10:55:25.450000000,STPPE_Batch,2014-12-05 10:55:25.450000000,STPPE_Batch
85501,WATER-TELEMETRY,855,N,861,WAENTL          ,WAPDEB      ,False,2014-12-05 10:55:25.463000000,STPPE_Batch,2014-12-05 10:55:25.463000000,STPPE_Batch
85502,WATER-BUSINESS DEVELOPMENT,855,N,861,WAENESDV        ,WAPDEB      ,False,2014-12-05 10:55:25.480000000,STPPE_Batch,2014-12-05 10:55:25.480000000,STPPE_Batch
85503,WATER-ENGINEER WATER OVERHEAD,855,N,861,WAENEWWS        ,WAPDEB      ,False,2014-12-05 10:55:25.497000000,STPPE_Batch,2014-12-05 10:55:25.497000000,STPPE_Batch
85504,WATER-GIS,855,N,861,WAENEWGI        ,WAPDEB      ,False,2014-12-05 10:55:25.527000000,STPPE_Batch,2014-12-05 10:55:25.527000000,STPPE_Batch
85505,WATER-SURVEYS,855,N,861,WAENEWSU        ,WAPDEB      ,True,2014-12-05 10:55:25.543000000,STPPE_Batch,2014-12-05 10:55:25.543000000,STPPE_Batch
85506,WATER-ENGINEER SEWER OVERHEAD,855,N,861,WAENESSS        ,WAPDEB      ,True,2014-12-05 10:55:25.557000000,STPPE_Batch,2014-12-05 10:55:25.557000000,STPPE_Batch
85507,WATER-INSPECTION,855,N,861,WAENESIN        ,WAPDEB      ,False,2014-12-05 10:55:25.573000000,STPPE_Batch,2014-12-05 10:55:25.573000000,STPPE_Batch
85510,WATER-WATER&SEWER FIELD OPERS,855,N,866,WAOPWOAD        ,WAPDOP      ,False,2019-05-24 06:11:14.507000000,PT_Batch,2019-09-27 10:38:33.780000000,PT_Batch
85520,WATER-SEWER OPERATIONS DIV,855,N,866,WAOPWOAD        ,WAPDOP      ,False,2019-05-24 06:11:14.520000000,PT_Batch,2019-09-27 10:38:33.780000000,PT_Batch
85530,WATER-SUPPORT SERVICES DIV,855,N,866,WAOPWOAD        ,WAPDOP      ,False,2019-05-24 06:11:14.520000000,PT_Batch,2019-09-27 10:38:33.780000000,PT_Batch
85540,WATER-WATER CONSTRUCTION DIV,855,N,866,WAOPWOAD        ,WAPDOP      ,False,2019-05-24 06:11:14.537000000,PT_Batch,2019-09-27 10:38:33.797000000,PT_Batch
85550,WATER-WATER SERVICES DIVISION,855,N,866,WAOPWOAD        ,WAPDOP      ,False,2019-05-24 06:11:14.537000000,PT_Batch,2019-09-27 10:38:33.797000000,PT_Batch
85601,WATER-SEWER OPERATIONS,856,N,866,WAOPOSSO        ,WAPDOP      ,False,2014-12-05 10:55:25.590000000,STPPE_Batch,2014-12-05 10:55:25.590000000,STPPE_Batch
85602,WATER-SEWER ADMINISTRATION,856,N,867,WAOPOSAD        ,WAPDOP      ,False,2014-12-05 10:55:25.607000000,STPPE_Batch,2014-12-05 10:55:25.607000000,STPPE_Batch
85610,WATER-WATER QLITY AND PROC,856,N,866,WATMTPOP        ,WAPDTP      ,False,2019-05-24 06:11:14.553000000,PT_Batch,2019-09-27 10:38:33.813000000,PT_Batch
85620,WATER-WATER TREATMENT DIV,856,N,866,WATMTPOP        ,WAPDTP      ,False,2019-05-24 06:11:14.567000000,PT_Batch,2019-09-27 10:38:33.813000000,PT_Batch
85630,WATER-WATER QUALITY  DIV,856,N,866,WATMTPOP        ,WAPDTP      ,False,2019-05-24 06:11:14.567000000,PT_Batch,2019-09-27 10:38:33.813000000,PT_Batch
85700,WATER-FLEET SERVICES,857,N,868,WAOPPOFS        ,WAPDOP      ,False,2014-12-05 10:55:25.637000000,STPPE_Batch,2014-12-05 10:55:25.637000000,STPPE_Batch
85701,WATER-FACILITY MAINTENANCE,857,N,868,WAOPPOFM        ,WAPDOP      ,False,2014-12-05 10:55:25.650000000,STPPE_Batch,2014-12-05 10:55:25.650000000,STPPE_Batch
85702,WATER-SUPPORT SVCS ADMIN,857,N,868,WAOPPOAD        ,WAPDOP      ,True,2014-12-05 10:55:25.667000000,STPPE_Batch,2014-12-05 10:55:25.667000000,STPPE_Batch
85710,WATER-WATER RESOURCES BUREAU,857,N,866,WABBGA          ,WAPDBB      ,False,2019-05-24 06:11:14.583000000,PT_Batch,2019-09-27 10:38:33.827000000,PT_Batch
85720,WATER-WATER RESOUR DIV,857,N,866,WABBGA          ,WAPDBB      ,False,2019-05-24 06:11:14.600000000,PT_Batch,2019-09-27 10:38:33.827000000,PT_Batch
99999,XX,999,N,999,,,True,2015-02-09 00:00:00,XX,2015-02-09 00:00:00,XX
